City_ID,City,Lat,Lng,Max Temp,Humidity,Cloudiness,Wind Speed,Country,Date
0,Ushuaia,-54.8,-68.3,42.8,75,20,6.91,AR,2021-04-04 15:23:56
1,Oussouye,12.485,-16.5469,96.8,69,0,4.61,SN,2021-04-04 15:26:26
2,Chokurdakh,70.6333,147.9167,-25.92,100,18,4.83,RU,2021-04-04 15:26:27
3,Esperance,-33.8667,121.9,62.6,88,2,14.97,AU,2021-04-04 15:26:27
4,Bluff,-46.6,168.3333,57.99,69,62,4.0,NZ,2021-04-04 15:24:06
5,Avarua,-21.2078,-159.775,80.6,83,75,13.8,CK,2021-04-04 15:26:28
6,Beyneu,45.3167,55.2,56.5,50,48,17.96,KZ,2021-04-04 15:26:28
7,Bambous Virieux,-20.3428,57.7575,82.0,78,20,8.05,MU,2021-04-04 15:25:30
8,Castro,-24.7911,-50.0119,70.39,59,69,6.91,BR,2021-04-04 15:21:53
9,Rikitea,-23.1203,-134.9692,77.27,67,36,14.2,PF,2021-04-04 15:26:29
10,Cape Town,-33.9258,18.4232,73.99,68,20,13.8,ZA,2021-04-04 15:25:51
11,Kapaa,22.0752,-159.319,73.4,68,90,19.57,US,2021-04-04 15:26:29
12,Faanui,-16.4833,-151.75,81.03,77,25,8.16,PF,2021-04-04 15:26:30
13,Puerto Ayora,-0.7393,-90.3518,80.6,78,20,9.22,EC,2021-04-04 15:26:30
14,Atambua,-9.1061,124.8925,73.53,95,100,18.16,ID,2021-04-04 15:26:30
15,Pingzhuang,42.0372,119.2889,47.62,18,0,3.49,CN,2021-04-04 15:26:31
16,Berbera,10.4396,45.0143,82.94,62,61,4.09,SO,2021-04-04 15:26:31
17,Hasaki,35.7333,140.8333,63.0,100,75,5.75,JP,2021-04-04 15:26:31
18,Punta Arenas,-53.15,-70.9167,44.6,57,0,14.97,CL,2021-04-04 15:22:17
19,Klaksvik,62.2266,-6.589,24.8,80,75,35.68,FO,2021-04-04 15:26:32
20,Vaini,-21.2,-175.2,75.2,83,75,5.75,TO,2021-04-04 15:26:33
21,Guerrero Negro,27.9769,-114.0611,61.0,80,2,14.05,MX,2021-04-04 15:26:33
22,Marawi,7.9986,124.2928,68.13,93,100,1.39,PH,2021-04-04 15:26:33
23,East London,-33.0153,27.9116,75.2,50,0,3.44,ZA,2021-04-04 15:25:20
24,Opuwo,-18.0607,13.84,86.38,28,8,12.44,NA,2021-04-04 15:26:34
25,Turayf,31.6725,38.6637,68.0,24,0,6.91,SA,2021-04-04 15:26:35
26,Atuona,-9.8,-139.0333,80.11,78,93,10.29,PF,2021-04-04 15:26:35
27,Lavrentiya,65.5833,-171.0,-6.59,84,100,8.19,RU,2021-04-04 15:26:35
28,Georgetown,5.4112,100.3354,86.0,74,20,6.91,MY,2021-04-04 15:26:36
29,Riachao Das Neves,-11.7461,-44.91,88.72,42,72,5.7,BR,2021-04-04 15:26:36
30,New Norfolk,-42.7826,147.0587,57.0,66,100,4.0,AU,2021-04-04 15:26:36
31,Lebu,-37.6167,-73.65,60.76,62,0,2.62,CL,2021-04-04 15:26:36
32,Garissa,-0.4536,39.6401,91.54,46,90,13.06,KE,2021-04-04 15:26:37
33,Hokitika,-42.7167,170.9667,62.01,92,99,7.25,NZ,2021-04-04 15:26:37
34,Monte Alegre,-2.0078,-54.0692,85.48,63,82,4.99,BR,2021-04-04 15:26:38
35,Torbay,47.6666,-52.7314,42.01,100,90,16.11,CA,2021-04-04 15:26:38
36,Nevel,56.0209,29.9284,40.66,55,98,7.65,RU,2021-04-04 15:26:39
37,Bredasdorp,-34.5322,20.0403,75.2,57,81,14.97,ZA,2021-04-04 15:26:39
38,Qaanaaq,77.484,-69.3632,-13.94,66,14,7.31,GL,2021-04-04 15:26:39
39,Kyra,49.5776,111.9753,34.45,64,0,6.31,RU,2021-04-04 15:26:40
40,Khatanga,71.9667,102.5,-14.33,89,10,7.27,RU,2021-04-04 15:26:40
41,Brae,60.3964,-1.353,39.2,60,20,29.93,GB,2021-04-04 15:26:40
42,Ponta Delgada,37.7333,-25.6667,59.0,88,75,17.27,PT,2021-04-04 15:26:41
43,Riyadh,24.6877,46.7219,78.8,11,0,13.8,SA,2021-04-04 15:22:16
44,Nelson Bay,-32.7167,152.15,69.01,94,100,4.61,AU,2021-04-04 15:23:50
45,Haines Junction,60.7522,-137.5108,10.4,79,100,3.44,CA,2021-04-04 15:26:41
46,Chake Chake,-5.2459,39.7666,83.37,68,55,9.98,TZ,2021-04-04 15:26:42
47,Sinnamary,5.3833,-52.95,80.4,83,100,10.63,GF,2021-04-04 15:24:48
48,Port Alfred,-33.5906,26.891,71.76,62,0,11.41,ZA,2021-04-04 15:26:42
49,Butaritari,3.0707,172.7902,81.41,79,21,8.61,KI,2021-04-04 15:26:43
50,Harper,4.375,-7.7169,84.06,71,62,5.68,LR,2021-04-04 15:26:43
51,Narsaq,60.9167,-46.05,39.2,93,90,3.44,GL,2021-04-04 15:26:43
52,Albany,42.6001,-73.9662,48.99,27,25,4.61,US,2021-04-04 15:26:44
53,Guadalupe Victoria,32.2869,-115.105,68.0,22,1,4.63,MX,2021-04-04 15:26:44
54,Wewak,-3.5534,143.6268,79.18,85,100,1.86,PG,2021-04-04 15:26:44
55,East Wenatchee Bench,47.4257,-120.2812,51.01,57,1,6.91,US,2021-04-04 15:26:45
56,Bombay,19.0144,72.8479,84.2,74,6,5.75,IN,2021-04-04 15:25:27
57,Xanten,51.6667,6.45,51.01,38,48,6.76,DE,2021-04-04 15:26:45
58,Iqaluit,63.7506,-68.5145,10.4,72,20,5.75,CA,2021-04-04 15:25:31
59,Cayenne,4.9333,-52.3333,77.0,94,75,5.75,GF,2021-04-04 15:26:45
60,Vitim,59.4511,112.5578,17.64,95,100,6.73,RU,2021-04-04 15:26:46
61,Busselton,-33.65,115.3333,64.99,88,0,3.38,AU,2021-04-04 15:26:46
62,Arraial Do Cabo,-22.9661,-42.0278,82.4,65,40,14.97,BR,2021-04-04 15:26:46
63,Hermanus,-34.4187,19.2345,71.01,80,89,1.99,ZA,2021-04-04 15:26:47
64,Bac Lieu,9.285,105.7244,82.36,77,83,10.78,VN,2021-04-04 15:25:59
65,Hilo,19.7297,-155.09,68.0,83,75,4.61,US,2021-04-04 15:26:29
66,Praia Da Vitoria,38.7333,-27.0667,62.6,77,20,18.54,PT,2021-04-04 15:26:20
67,Milton,34.1322,-84.3007,62.01,30,0,4.0,US,2021-04-04 15:26:40
68,Sioux Lookout,50.1001,-91.917,46.4,42,75,12.66,CA,2021-04-04 15:26:47
69,Valdivia,-39.8142,-73.2459,50.0,100,90,6.91,CL,2021-04-04 15:26:48
70,Airai,-8.9266,125.4092,60.26,96,100,4.94,TL,2021-04-04 15:24:09
71,Urucara,-2.5364,-57.76,89.47,54,99,5.26,BR,2021-04-04 15:26:48
72,Norden,53.6,7.2,46.99,82,68,14.0,DE,2021-04-04 15:26:48
73,Cabo San Lucas,22.8909,-109.9124,80.6,24,1,7.38,MX,2021-04-04 15:24:32
74,Usinsk,65.9939,57.5281,20.79,90,31,5.19,RU,2021-04-04 15:23:24
75,Palmer,42.1584,-72.3287,50.0,27,20,4.61,US,2021-04-04 15:26:49
76,Honningsvag,70.9821,25.9704,33.8,86,75,17.27,NO,2021-04-04 15:26:49
77,San Rafael,-34.6177,-68.3301,75.78,50,44,12.84,AR,2021-04-04 15:26:50
78,Humaita,-7.5061,-63.0208,79.11,93,99,3.44,BR,2021-04-04 15:26:50
79,Hobart,-42.8794,147.3294,57.2,62,75,9.22,AU,2021-04-04 15:26:51
80,Olecko,54.0337,22.507,44.51,48,95,10.89,PL,2021-04-04 15:26:51
81,Panchagarh,26.3313,88.562,73.4,46,40,1.14,BD,2021-04-04 15:26:51
82,Henties Bay,-22.116,14.2845,71.01,78,3,8.99,NA,2021-04-04 15:26:52
83,Port Lincoln,-34.7333,135.8667,63.59,84,0,12.3,AU,2021-04-04 15:24:27
84,Port Hawkesbury,45.6169,-61.3485,42.01,100,90,12.66,CA,2021-04-04 15:26:52
85,Broome,42.2506,-75.833,53.01,46,1,10.36,US,2021-04-04 15:26:53
86,Delmas,18.5447,-72.3028,82.4,65,75,6.91,HT,2021-04-04 15:26:53
87,Kaitangata,-46.2817,169.8464,64.99,43,32,14.0,NZ,2021-04-04 15:24:19
88,Provideniya,64.3833,-173.3,-5.33,88,42,8.08,RU,2021-04-04 15:26:53
89,Luebo,-5.35,21.4167,75.7,85,96,6.24,CD,2021-04-04 15:26:54
90,Cascais,38.6979,-9.4215,69.01,64,0,8.05,PT,2021-04-04 15:24:56
91,Ambilobe,-13.2,49.05,78.55,85,80,1.66,MG,2021-04-04 15:22:17
92,Cherskiy,68.75,161.3,-15.34,100,95,3.33,RU,2021-04-04 15:24:30
93,Sitka,57.0531,-135.33,35.6,93,90,8.05,US,2021-04-04 15:24:56
94,Presidente Medici,-11.1753,-61.9014,78.08,91,100,1.97,BR,2021-04-04 15:26:55
95,Hambantota,6.1241,81.1185,78.8,78,0,4.61,LK,2021-04-04 15:25:40
96,Yumen,40.2833,97.2,45.77,40,0,16.31,CN,2021-04-04 15:26:55
97,Los Llanos De Aridane,28.6585,-17.9182,68.0,56,75,3.44,ES,2021-04-04 15:25:00
98,Ilulissat,69.2167,-51.1,15.8,53,20,21.36,GL,2021-04-04 15:26:17
99,Jamestown,42.097,-79.2353,50.0,49,1,10.36,US,2021-04-04 15:23:26
100,Cuamba,-14.8031,36.5372,73.09,92,87,4.25,MZ,2021-04-04 15:26:56
101,Tuburan,6.6439,122.2736,78.8,89,40,4.61,PH,2021-04-04 15:26:57
102,Kloulklubed,7.0419,134.2556,77.0,88,40,10.8,PW,2021-04-04 15:24:12
103,Barrow,71.2906,-156.7887,-11.2,70,1,12.66,US,2021-04-04 15:25:30
104,Mansa,29.9833,75.3833,81.12,9,49,8.08,IN,2021-04-04 15:26:58
105,Nantucket,41.2835,-70.0995,46.0,59,0,9.15,US,2021-04-04 15:26:58
106,Pozo Colorado,-23.4923,-58.7972,93.83,33,92,5.7,PY,2021-04-04 15:26:58
107,Husavik,66.0449,-17.3389,14.0,92,90,28.77,IS,2021-04-04 15:26:58
108,Zhuhai,22.2769,113.5678,75.99,78,40,9.22,CN,2021-04-04 15:26:59
109,Baykit,61.67,96.37,23.58,96,100,4.43,RU,2021-04-04 15:26:59
110,Kruisfontein,-34.0033,24.7314,73.0,51,0,8.01,ZA,2021-04-04 15:25:13
111,Steubenville,40.3698,-80.634,57.99,38,1,3.44,US,2021-04-04 15:27:00
112,Kismayo,-0.3582,42.5454,83.89,74,75,11.81,SO,2021-04-04 15:27:00
113,Tianpeng,30.9866,103.9393,57.99,1,100,5.26,CN,2021-04-04 15:27:00
114,Guatire,10.4762,-66.5427,86.0,70,20,5.75,VE,2021-04-04 15:27:01
115,Chumikan,54.7183,135.315,5.86,91,33,5.14,RU,2021-04-04 15:24:46
116,Mataura,-46.1927,168.8643,57.99,69,19,4.0,NZ,2021-04-04 15:27:01
117,Lazaro Cardenas,17.9583,-102.2,80.19,62,5,0.56,MX,2021-04-04 15:27:02
118,Dzaoudzi,-12.7887,45.2699,86.0,70,20,9.22,YT,2021-04-04 15:27:02
119,Lagoa,39.05,-27.9833,60.01,81,100,16.89,PT,2021-04-04 15:27:02
120,Peterhead,57.5058,-1.7981,51.8,58,75,23.02,GB,2021-04-04 15:27:03
121,Kieta,-6.2167,155.6333,78.28,84,100,3.8,PG,2021-04-04 15:27:03
122,Vardo,70.3705,31.1107,37.4,75,75,12.66,NO,2021-04-04 15:27:04
123,Sao Joao Da Barra,-21.6403,-41.0511,84.2,54,75,11.5,BR,2021-04-04 15:27:04
124,Ixtapa,20.7,-105.2,73.4,68,1,6.91,MX,2021-04-04 15:27:04
125,Chuy,-33.6971,-53.4616,75.69,63,13,8.86,UY,2021-04-04 15:27:05
126,Bengkulu,-3.8004,102.2655,78.04,84,100,10.04,ID,2021-04-04 15:27:05
127,Saint George,37.1041,-113.5841,55.4,26,1,3.04,US,2021-04-04 15:27:06
128,Dawlatabad,36.4141,64.9053,53.74,72,100,8.39,AF,2021-04-04 15:27:06
129,Carnarvon,-24.8667,113.6333,78.8,73,56,14.97,AU,2021-04-04 15:27:06
130,College,64.8569,-147.8028,33.8,86,90,5.75,US,2021-04-04 15:27:07
131,Okahandja,-21.9833,16.9167,81.0,29,4,6.91,NA,2021-04-04 15:27:07
132,Havre-Saint-Pierre,50.2334,-63.5986,33.8,93,90,10.36,CA,2021-04-04 15:27:07
133,Yellowknife,62.456,-114.3525,10.0,66,75,5.75,CA,2021-04-04 15:27:08
134,Samarai,-10.6167,150.6667,82.15,76,99,1.52,PG,2021-04-04 15:27:08
135,Takoradi,4.8845,-1.7554,84.36,71,36,10.22,GH,2021-04-04 15:27:09
136,Hauterive,46.0901,3.4459,59.0,33,0,14.97,FR,2021-04-04 15:27:09
137,Tiksi,71.6872,128.8694,-21.1,100,71,4.74,RU,2021-04-04 15:27:09
138,Codrington,-38.2667,141.9667,57.81,68,79,6.82,AU,2021-04-04 15:27:10
139,Pekalongan,-6.8886,109.6753,80.33,81,99,3.87,ID,2021-04-04 15:27:10
140,Port Elizabeth,-33.918,25.5701,69.8,64,0,19.57,ZA,2021-04-04 15:25:29
141,Ambon,-3.6954,128.1814,80.6,83,40,8.05,ID,2021-04-04 15:27:10
142,La Ronge,55.1001,-105.2842,35.6,48,100,5.75,CA,2021-04-04 15:27:11
143,Koutiala,12.3917,-5.4642,102.31,4,51,4.0,ML,2021-04-04 15:26:37
144,Vila Franca Do Campo,37.7167,-25.4333,59.0,88,75,17.27,PT,2021-04-04 15:27:11
145,Chimoio,-19.1164,33.4833,78.01,69,40,9.22,MZ,2021-04-04 15:27:12
146,Glauchau,50.8167,12.5333,51.01,53,0,9.22,DE,2021-04-04 15:27:12
147,Kununurra,-15.7667,128.7333,71.6,88,100,2.3,AU,2021-04-04 15:27:12
148,Douala,4.0483,9.7043,91.4,66,20,4.61,CM,2021-04-04 15:27:13
149,Longyearbyen,78.2186,15.6401,26.6,68,75,32.21,SJ,2021-04-04 15:24:47
150,Bryan,30.6744,-96.37,61.0,82,90,6.91,US,2021-04-04 15:24:31
151,Saint-Philippe,-21.3585,55.7679,82.4,74,0,12.3,RE,2021-04-04 15:27:13
152,Nikolskoye,59.7035,30.7861,43.0,65,20,13.42,RU,2021-04-04 15:27:14
153,Thiruvananthapuram,8.4833,76.9167,86.0,66,20,8.05,IN,2021-04-04 15:27:14
154,Pevek,69.7008,170.3133,-14.57,97,95,7.99,RU,2021-04-04 15:24:39
155,Hithadhoo,-0.6,73.0833,83.71,75,59,17.31,MV,2021-04-04 15:27:15
156,Ribeira Grande,38.5167,-28.7,64.4,82,75,20.71,PT,2021-04-04 15:27:15
157,Boende,-0.2167,20.8667,82.06,70,100,3.6,CD,2021-04-04 15:27:15
158,Sao Mateus,-18.7161,-39.8589,84.63,55,100,7.72,BR,2021-04-04 15:24:05
159,Uruzgan,32.8333,66.0,62.33,38,68,7.4,AF,2021-04-04 15:27:16
160,Coffs Harbour,-30.3,153.1333,66.2,94,100,5.75,AU,2021-04-04 15:27:16
161,Hirara,24.8,125.2833,67.51,76,100,25.72,JP,2021-04-04 15:27:16
162,Laguna,38.421,-121.4238,48.99,87,1,2.53,US,2021-04-04 15:25:08
163,Victoria,22.2855,114.1577,75.0,87,94,1.99,HK,2021-04-04 15:27:17
164,Goderich,43.7501,-81.7165,41.0,81,11,5.75,CA,2021-04-04 15:27:17
165,Talnakh,69.4865,88.3972,7.43,74,99,10.85,RU,2021-04-04 15:27:18
166,Madaoua,14.073,5.96,99.18,6,2,3.76,NE,2021-04-04 15:27:18
167,Mareeba,-17.0,145.4333,77.0,83,90,6.91,AU,2021-04-04 15:27:19
168,Norman Wells,65.282,-126.8329,3.2,72,40,5.75,CA,2021-04-04 15:26:30
169,Bay Roberts,47.5999,-53.2648,46.0,91,98,4.0,CA,2021-04-04 15:27:19
170,Vila Velha,-20.3297,-40.2925,80.6,74,20,14.97,BR,2021-04-04 15:27:19
171,Abu Dhabi,24.4667,54.3667,77.0,57,0,10.36,AE,2021-04-04 15:25:47
172,Geraldton,-28.7667,114.6,73.4,83,75,13.8,AU,2021-04-04 15:25:28
173,Reitz,-27.8014,28.4273,73.24,33,0,11.45,ZA,2021-04-04 15:27:20
174,Kayerkan,69.3497,87.7602,7.29,81,100,9.1,RU,2021-04-04 15:27:20
175,Alugan,12.2188,125.4808,81.36,70,85,10.87,PH,2021-04-04 15:23:15
176,San Cristobal,7.7669,-72.225,80.6,94,40,6.91,VE,2021-04-04 15:27:21
177,Bukachacha,52.9833,116.9167,29.95,76,100,5.37,RU,2021-04-04 15:27:22
178,Dikson,73.5069,80.5464,4.68,85,100,7.85,RU,2021-04-04 15:27:22
179,Guaraniacu,-25.1008,-52.8781,75.2,60,0,17.27,BR,2021-04-04 15:27:22
180,Anadyr,64.75,177.4833,-13.0,77,20,4.47,RU,2021-04-04 15:27:23
181,Solnechnyy,50.7214,136.6319,26.78,56,2,2.8,RU,2021-04-04 15:27:23
182,Chicama,-7.8447,-79.1469,71.6,83,0,8.05,PE,2021-04-04 15:27:23
183,Shache,38.4167,77.2406,52.23,39,11,7.78,CN,2021-04-04 15:27:23
184,Aykhal,66.0,111.5,-18.27,100,99,5.84,RU,2021-04-04 15:27:24
185,Swan Hill,-35.3378,143.5544,69.76,36,0,5.99,AU,2021-04-04 15:25:20
186,San Quintin,30.4833,-115.95,60.3,80,2,11.32,MX,2021-04-04 15:27:24
187,Bilibino,68.0546,166.4372,-21.14,99,70,3.51,RU,2021-04-04 15:27:25
188,Trenggalek,-8.05,111.7167,75.69,96,100,3.94,ID,2021-04-04 15:27:25
189,Mubi,10.2676,13.2644,99.97,8,44,10.74,NG,2021-04-04 15:27:25
190,Ancud,-41.8697,-73.8203,64.0,62,0,3.44,CL,2021-04-04 15:27:26
191,Baykalsk,51.5058,104.1469,33.31,96,97,1.16,RU,2021-04-04 15:27:26
192,Leopold,-38.1833,144.4667,60.8,72,90,9.22,AU,2021-04-04 15:27:27
193,Buala,-8.145,159.5921,80.06,83,100,3.09,SB,2021-04-04 15:27:27
194,Lata,40.1629,-8.3327,75.0,43,0,8.7,PT,2021-04-04 15:27:27
195,Kimparana,12.8347,-4.9244,104.25,4,30,4.97,ML,2021-04-04 15:27:28
196,Tuktoyaktuk,69.4541,-133.0374,-22.0,76,20,10.36,CA,2021-04-04 15:27:28
197,Bethel,41.3712,-73.414,48.99,29,90,3.8,US,2021-04-04 15:27:28
198,Aitape,-3.1374,142.3475,78.76,85,100,3.11,PG,2021-04-04 15:23:11
199,Dogondoutchi,13.6393,4.0287,101.05,5,7,3.09,NE,2021-04-04 15:27:29
200,Wajir,1.7471,40.0573,89.6,58,75,2.3,KE,2021-04-04 15:27:29
201,Namatanai,-3.6667,152.4333,77.83,85,96,6.64,PG,2021-04-04 15:23:10
202,Abashiri,44.0213,144.2697,36.0,73,100,3.0,JP,2021-04-04 15:27:30
203,Villa Constitucion,-33.2278,-60.3297,84.0,53,5,5.99,AR,2021-04-04 15:27:30
204,Orchard Homes,46.8633,-114.0484,52.0,65,1,3.44,US,2021-04-04 15:27:30
205,Kabanjahe,3.1001,98.4908,82.4,89,40,4.61,ID,2021-04-04 15:27:31
206,Upernavik,72.7868,-56.1549,-13.52,72,0,11.32,GL,2021-04-04 15:27:31
207,Belaya Gora,68.5333,146.4167,-6.12,98,100,4.79,RU,2021-04-04 15:27:31
208,Okhotsk,59.3833,143.3,20.39,96,100,2.93,RU,2021-04-04 15:27:32
209,Vanavara,60.34,102.2797,3.42,98,48,3.65,RU,2021-04-04 15:27:33
210,Yarada,17.65,83.2667,82.13,79,67,5.99,IN,2021-04-04 15:27:33
211,Mayumba,-3.432,10.6554,81.79,77,100,7.52,GA,2021-04-04 15:27:33
212,Nobres,-14.7203,-56.3275,83.19,71,100,3.49,BR,2021-04-04 15:27:34
213,Homer,59.6425,-151.5483,39.2,81,90,14.97,US,2021-04-04 15:27:34
214,Erenhot,43.6475,111.9767,45.14,21,37,7.36,CN,2021-04-04 15:27:34
215,Beringovskiy,63.05,179.3167,-11.54,97,27,6.85,RU,2021-04-04 15:27:35
216,Ostrovnoy,68.0531,39.5131,32.31,86,100,22.48,RU,2021-04-04 15:27:35
217,Xining,36.6167,101.7667,39.9,61,100,2.89,CN,2021-04-04 15:27:06
218,Saskylakh,71.9167,114.0833,-25.89,100,20,3.0,RU,2021-04-04 15:27:36
219,Basco,20.4487,121.9702,77.85,81,72,24.67,PH,2021-04-04 15:27:36
220,Cidreira,-30.1811,-50.2056,74.86,69,3,14.5,BR,2021-04-04 15:27:36
221,Sept-Iles,50.2001,-66.3821,37.0,47,75,10.36,CA,2021-04-04 15:24:28
222,Truth Or Consequences,33.1284,-107.2528,64.4,29,1,4.61,US,2021-04-04 15:27:37
223,Butte,39.6499,-121.5677,50.0,76,1,3.44,US,2021-04-04 15:27:37
224,Araouane,18.9048,-3.5265,101.1,3,0,3.13,ML,2021-04-04 15:24:35
225,Mar Del Plata,-38.0023,-57.5575,75.99,73,40,11.5,AR,2021-04-04 15:27:38
226,Tahta,26.7693,31.5021,87.8,7,0,17.27,EG,2021-04-04 15:27:38
227,Batemans Bay,-35.7167,150.1833,68.0,90,11,4.0,AU,2021-04-04 15:27:17
228,Saint Anthony,45.0205,-93.218,63.0,29,1,11.5,US,2021-04-04 15:27:39
229,Iskateley,67.6803,53.1512,14.68,96,9,5.39,RU,2021-04-04 15:27:39
230,Cockburn Town,21.4612,-71.1419,74.88,75,97,26.57,TC,2021-04-04 15:27:39
231,Pangkalanbuun,-2.6833,111.6167,75.15,94,80,2.86,ID,2021-04-04 15:27:40
232,Misheronskiy,55.7193,39.7383,35.65,85,70,3.33,RU,2021-04-04 15:27:40
233,Slave Lake,55.2834,-114.769,33.8,100,90,4.61,CA,2021-04-04 15:27:40
234,Atar,20.5169,-13.0499,98.6,20,91,9.22,MR,2021-04-04 15:27:41
235,Sao Miguel Do Araguaia,-13.275,-50.1628,87.49,57,89,3.89,BR,2021-04-04 15:23:55
236,Hwange,-18.3693,26.5019,86.22,34,2,6.31,ZW,2021-04-04 15:27:42
237,Pathein,16.7833,94.7333,77.2,65,63,12.21,MM,2021-04-04 15:27:42
238,Staicele,57.8364,24.75,46.0,62,59,5.99,LV,2021-04-04 15:27:43
239,Leningradskiy,69.3833,178.4167,-3.3,97,100,6.87,RU,2021-04-04 15:27:43
240,Ngunguru,-35.6167,174.5,52.0,93,12,6.51,NZ,2021-04-04 15:27:44
241,Ust-Kuyga,70.0167,135.6,-12.57,97,100,5.35,RU,2021-04-04 15:27:44
242,Salinopolis,-0.6136,-47.3561,84.13,71,47,11.74,BR,2021-04-04 15:27:44
243,Bambanglipuro,-7.95,110.2833,75.85,93,100,4.83,ID,2021-04-04 15:27:06
244,Nicoya,10.1483,-85.452,86.0,45,0,25.32,CR,2021-04-04 15:24:36
245,Thompson,55.7435,-97.8558,23.0,58,20,4.61,CA,2021-04-04 15:26:33
246,Ginir,7.1333,40.7,69.67,53,81,4.88,ET,2021-04-04 15:27:45
247,Baherden,38.4362,57.4316,61.29,38,31,9.31,TM,2021-04-04 15:27:46
248,Tuatapere,-46.1333,167.6833,57.99,69,35,4.0,NZ,2021-04-04 15:27:46
249,Elat,29.5581,34.9482,82.4,15,0,16.11,IL,2021-04-04 15:27:46
250,Tessalit,20.1986,1.0114,96.82,4,0,4.21,ML,2021-04-04 15:27:47
251,Zaraza,9.3503,-65.3245,91.04,44,81,6.93,VE,2021-04-04 15:27:47
252,Corning,42.1428,-77.0547,53.6,43,1,5.75,US,2021-04-04 15:23:13
253,Iquitos,-3.7481,-73.2472,78.8,83,75,4.61,PE,2021-04-04 15:24:48
254,Mahebourg,-20.4081,57.7,80.6,78,20,8.05,MU,2021-04-04 15:24:12
255,Fort Nelson,58.8053,-122.7002,35.6,35,20,6.91,CA,2021-04-04 15:27:48
256,Lorengau,-2.0226,147.2712,80.83,80,100,8.48,PG,2021-04-04 15:25:46
257,Ikryanoye,46.0932,47.7308,55.0,47,0,11.18,RU,2021-04-04 15:27:49
258,Portland,45.5234,-122.6762,50.0,66,75,9.22,US,2021-04-04 15:25:49
259,Coihaique,-45.5752,-72.0662,57.2,62,75,6.91,CL,2021-04-04 15:27:49
260,Tutoia,-2.7619,-42.2744,87.8,70,75,16.11,BR,2021-04-04 15:27:50
261,Pacifica,37.6138,-122.4869,52.0,71,90,8.05,US,2021-04-04 15:27:50
262,Mananjary,-21.2167,48.3333,78.53,84,69,6.85,MG,2021-04-04 15:27:51
263,Moyale,3.5167,39.0584,76.3,63,80,10.96,KE,2021-04-04 15:27:51
264,Dingle,10.9995,122.6711,76.64,82,34,6.73,PH,2021-04-04 15:27:52
265,Pujehun,7.3581,-11.7208,87.28,59,88,8.59,SL,2021-04-04 15:27:52
266,Kiunga,-6.1219,141.2906,73.58,88,89,0.92,PG,2021-04-04 15:27:52
267,Cicevac,43.7188,21.4408,45.0,76,75,5.75,RS,2021-04-04 15:27:53
268,Sao Filipe,14.8961,-24.4956,77.74,61,12,1.39,CV,2021-04-04 15:24:45
269,Tjome,59.1109,10.3933,51.8,46,20,23.02,NO,2021-04-04 15:27:53
270,Port Hardy,50.6996,-127.4199,41.0,93,40,8.05,CA,2021-04-04 15:27:54
271,Sakhon Nakhon,17.1612,104.1472,84.0,64,86,11.61,TH,2021-04-04 15:27:54
272,Galle,6.0367,80.217,80.47,77,52,8.57,LK,2021-04-04 15:27:54
273,Gobabis,-22.45,18.9667,83.86,24,6,10.04,NA,2021-04-04 15:27:54
274,Qaqortoq,60.7167,-46.0333,39.2,93,90,3.44,GL,2021-04-04 15:27:55
275,Karratha,-20.7377,116.8463,84.79,48,3,5.82,AU,2021-04-04 15:27:55
276,Jalu,29.0331,21.5482,86.86,7,0,13.31,LY,2021-04-04 15:27:56
277,Lasa,46.6166,10.7002,66.2,36,0,9.22,IT,2021-04-04 15:27:56
278,Jiazi,22.8779,116.067,67.69,85,79,19.51,CN,2021-04-04 15:27:57
279,Bafoulabe,13.8065,-10.8321,107.24,5,24,1.07,ML,2021-04-04 15:27:57
280,Hofn,64.2539,-15.2082,18.88,54,58,25.1,IS,2021-04-04 15:27:57
281,Aanekoski,62.6946,25.818,48.0,49,0,9.22,FI,2021-04-04 15:27:58
282,Arlit,18.7369,7.3853,94.17,4,0,3.0,NE,2021-04-04 15:27:58
283,Luganville,-15.5333,167.1667,78.89,88,100,13.22,VU,2021-04-04 15:27:58
284,Ponta Do Sol,32.6667,-17.1,66.2,59,40,4.61,PT,2021-04-04 15:27:59
285,Xinan,26.72,119.8556,55.2,94,100,0.98,CN,2021-04-04 15:27:59
286,Grindavik,63.8424,-22.4338,21.2,58,75,26.46,IS,2021-04-04 15:27:59
287,Clyde River,70.4692,-68.5914,-13.0,84,1,4.61,CA,2021-04-04 15:28:00
288,Pisco,-13.7,-76.2167,75.0,83,92,4.61,PE,2021-04-04 15:28:00
289,Livingston,55.9029,-3.5226,48.2,71,75,21.85,GB,2021-04-04 15:26:17
290,La Paz,-16.5,-68.15,50.0,66,75,4.61,BO,2021-04-04 15:28:00
291,Honiara,-9.4333,159.95,78.28,88,67,3.24,SB,2021-04-04 15:28:01
292,Katsuura,35.1333,140.3,66.2,94,75,9.22,JP,2021-04-04 15:28:01
293,Les Escoumins,48.1111,-69.0236,32.0,55,75,8.05,CA,2021-04-04 15:28:02
294,Liwale,-9.7667,37.9333,74.46,91,57,4.61,TZ,2021-04-04 15:28:02
295,Buchanan,5.8808,-10.0467,84.2,84,75,5.75,LR,2021-04-04 15:28:02
296,Rocha,-34.4833,-54.3333,75.83,61,11,8.39,UY,2021-04-04 15:28:03
297,Kavieng,-2.5744,150.7967,77.0,93,100,9.37,PG,2021-04-04 15:23:10
298,Shubarshi,48.5872,57.1869,38.08,90,79,3.36,KZ,2021-04-04 15:28:03
299,Isangel,-19.55,169.2667,76.35,79,65,14.88,VU,2021-04-04 15:28:04
300,Souillac,-20.5167,57.5167,80.6,78,20,8.05,MU,2021-04-04 15:28:04
301,Manacor,39.5696,3.2096,64.4,63,40,19.57,ES,2021-04-04 15:28:04
302,Pafos,34.7667,32.4167,64.4,68,20,6.91,CY,2021-04-04 15:28:05
303,Pacific Grove,36.6177,-121.9166,53.6,66,90,6.13,US,2021-04-04 15:26:17
304,Hun,29.1268,15.9477,91.26,6,9,18.84,LY,2021-04-04 15:28:05
305,Port Shepstone,-30.7414,30.455,72.66,70,0,13.2,ZA,2021-04-04 15:28:05
306,Constitucion,-35.3333,-72.4167,62.37,67,23,7.18,CL,2021-04-04 15:28:06
307,Pimentel,-6.8367,-79.9342,84.2,51,0,9.22,PE,2021-04-04 15:28:06
308,Olinda,-8.0089,-34.8553,82.4,65,40,8.05,BR,2021-04-04 15:28:06
309,Porto Santo,33.072,-16.3415,66.2,59,20,4.61,PT,2021-04-04 15:28:07
310,Uige,-7.6087,15.0613,80.6,69,75,6.91,AO,2021-04-04 15:25:56
311,Horodnytsya,50.807,27.3168,42.84,57,100,9.35,UA,2021-04-04 15:28:07
312,Itacare,-14.2775,-38.9967,84.2,70,40,9.22,BR,2021-04-04 15:28:08
313,Murray Bridge,-35.1167,139.2667,61.0,91,0,9.71,AU,2021-04-04 15:28:08
314,Kamenka,51.3223,42.7678,45.0,64,100,4.59,RU,2021-04-04 15:28:08
315,Bowen,-20.0167,148.2333,73.4,94,75,3.44,AU,2021-04-04 15:28:09
316,Emba,48.8264,58.1442,33.78,98,91,0.89,KZ,2021-04-04 15:28:09
317,Catina,37.5021,15.0872,60.8,77,75,9.22,IT,2021-04-04 15:28:09
318,Axim,4.8699,-2.2405,84.94,71,36,9.46,GH,2021-04-04 15:28:10
319,Santa Vitoria Do Palmar,-33.5189,-53.3681,75.9,63,9,8.32,BR,2021-04-04 15:28:10
320,High Level,58.5169,-117.136,24.8,80,75,2.3,CA,2021-04-04 15:28:10
321,Nagua,19.3832,-69.8474,80.6,78,40,6.96,DO,2021-04-04 15:28:11
322,Karachev,53.1229,34.9852,41.0,70,40,6.71,RU,2021-04-04 15:28:11
323,Fare,-16.7,-151.0167,81.0,77,18,9.78,PF,2021-04-04 15:28:11
324,Kisangani,0.5167,25.2,91.4,52,20,6.91,CD,2021-04-04 15:28:12
325,Tasiilaq,65.6145,-37.6368,28.4,43,75,2.3,GL,2021-04-04 15:24:20
326,Caraballeda,10.6112,-66.8522,86.0,70,20,5.75,VE,2021-04-04 15:28:12
327,Rio Gallegos,-51.6226,-69.2181,41.0,81,75,9.22,AR,2021-04-04 15:28:12
328,Darnah,32.767,22.6367,83.05,20,14,27.49,LY,2021-04-04 15:28:13
329,Snezhnogorsk,69.1933,33.2531,37.4,70,40,8.95,RU,2021-04-04 15:28:13
330,Gwadar,25.1216,62.3254,81.07,79,2,8.08,PK,2021-04-04 15:28:13
331,Richards Bay,-28.783,32.0377,71.71,64,0,7.96,ZA,2021-04-04 15:28:14
332,Ngaoundere,7.3167,13.5833,93.04,12,27,8.32,CM,2021-04-04 15:28:14
333,Shenjiamen,29.9576,122.298,50.65,60,0,21.34,CN,2021-04-04 15:28:15
334,Waingapu,-9.6567,120.2641,77.9,85,100,9.42,ID,2021-04-04 15:28:15
335,Bouna,9.2667,-3.0,100.74,22,70,4.16,CI,2021-04-04 15:28:16
336,Aklavik,68.2191,-135.0107,-16.6,76,40,4.61,CA,2021-04-04 15:28:16
337,Fortuna,40.5982,-124.1573,48.99,93,90,1.39,US,2021-04-04 15:28:16
338,Sorong,-0.8833,131.25,81.84,81,46,6.35,ID,2021-04-04 15:28:17
339,Nipawin,53.3668,-104.0009,32.0,86,1,4.61,CA,2021-04-04 15:28:17
340,Namibe,-15.1961,12.1522,80.01,82,100,12.97,AO,2021-04-04 15:28:17
341,Kijang,35.2442,129.2139,50.0,57,0,13.8,KR,2021-04-04 15:28:18
342,Deputatskiy,69.3,139.9,-8.61,99,100,1.16,RU,2021-04-04 15:28:18
343,Vidim,56.4088,103.1106,19.85,97,42,3.02,RU,2021-04-04 15:28:18
344,Paramonga,-10.6667,-77.8333,74.86,72,54,6.96,PE,2021-04-04 15:28:19
345,Yairipok,24.6667,94.0667,64.63,29,12,1.77,IN,2021-04-04 15:28:19
346,Ugoofaaru,5.6667,73.0,84.42,68,72,12.84,MV,2021-04-04 15:28:20
347,Uchiza,-8.4592,-76.4633,72.46,91,100,2.3,PE,2021-04-04 15:28:20
348,Finschhafen,-6.6024,147.8681,79.81,84,100,1.36,PG,2021-04-04 15:28:20
349,Kodiak,57.79,-152.4072,32.0,80,1,3.44,US,2021-04-04 15:24:20
350,Comodoro Rivadavia,-45.8667,-67.5,71.6,56,0,7.18,AR,2021-04-04 15:28:21
351,Shingu,33.7333,135.9833,62.65,96,100,4.76,JP,2021-04-04 15:28:22
352,Oranjemund,-28.55,16.4333,67.82,82,13,18.79,NA,2021-04-04 15:28:22
353,Vostok,46.4856,135.8833,22.24,75,1,5.59,RU,2021-04-04 15:28:22
354,Sao Gabriel Da Cachoeira,-0.1303,-67.0892,80.6,89,90,4.61,BR,2021-04-04 15:28:22
355,Hobyo,5.3505,48.5268,83.66,66,83,13.51,SO,2021-04-04 15:28:23
356,Chulym,55.0997,80.9572,21.97,98,99,4.07,RU,2021-04-04 15:28:23
357,Ojiya,37.3,138.8,53.01,95,100,4.63,JP,2021-04-04 15:28:23
358,Pemangkat,1.1667,108.9667,79.59,79,44,3.65,ID,2021-04-04 15:28:24
359,Grand Gaube,-20.0064,57.6608,82.0,73,3,7.0,MU,2021-04-04 15:28:24
360,Filadelfia,39.9523,-75.1638,57.0,37,1,6.26,US,2021-04-04 15:28:15
361,Burnie,-41.0667,145.9167,56.12,70,9,10.92,AU,2021-04-04 15:28:25
362,Malino,15.1257,120.6727,82.4,65,75,3.44,PH,2021-04-04 15:28:25
363,Kumluca,36.3703,30.2869,61.65,74,77,4.43,TR,2021-04-04 15:28:25
364,San Jose,37.3394,-121.895,52.0,62,75,5.75,US,2021-04-04 15:25:32
365,Yuancheng,36.652,107.7896,42.48,79,100,12.8,CN,2021-04-04 15:28:26
366,Banapur,19.7833,85.1833,80.31,81,3,8.52,IN,2021-04-04 15:28:26
367,Berlevag,70.8578,29.0864,33.8,93,75,32.21,NO,2021-04-04 15:28:27
368,Otane,-39.8833,176.6333,59.0,76,0,15.99,NZ,2021-04-04 15:28:27
369,West Des Moines,41.572,-93.7453,66.99,55,75,9.22,US,2021-04-04 15:28:27
370,Megion,61.0296,76.1136,41.0,56,0,8.95,RU,2021-04-04 15:24:44
371,Nome,64.5011,-165.4064,1.4,71,20,23.02,US,2021-04-04 15:28:28
372,Ulaanbaatar,47.9077,106.8832,23.0,68,0,2.24,MN,2021-04-04 15:28:28
373,Bundaberg,-24.85,152.35,71.6,100,90,12.66,AU,2021-04-04 15:28:29
374,Pedro Velho,-6.4392,-35.2214,86.0,58,40,14.97,BR,2021-04-04 15:28:29
375,Nilokheri,29.8333,76.9167,84.07,9,99,7.52,IN,2021-04-04 15:28:29
376,Nybro,56.7446,15.9071,48.2,61,75,19.57,SE,2021-04-04 15:28:30
377,Russell,32.3502,-85.1999,64.0,58,1,2.3,US,2021-04-04 15:25:14
378,Port Macquarie,-31.4333,152.9167,69.8,78,100,4.61,AU,2021-04-04 15:28:30
379,Totness,5.8833,-56.3167,82.65,73,100,7.63,SR,2021-04-04 15:25:16
380,Ciudad Bolivar,8.1222,-63.5497,87.17,53,99,11.32,VE,2021-04-04 15:28:31
381,Kysyl-Syr,63.8986,122.7617,-19.14,99,85,3.22,RU,2021-04-04 15:28:31
382,Zhigansk,66.7697,123.3711,-22.25,99,44,6.02,RU,2021-04-04 15:28:32
383,Santa Fe,-31.6333,-60.7,84.0,51,57,4.0,AR,2021-04-04 15:25:34
384,Omsukchan,62.5333,155.8,-15.72,99,99,4.29,RU,2021-04-04 15:28:32
385,Itaitinga,-3.9694,-38.5281,87.8,66,40,18.41,BR,2021-04-04 15:28:33
386,Kosonsoy,41.2561,71.5508,46.4,87,90,6.91,UZ,2021-04-04 15:28:33
387,Pangai,-19.8,-174.35,77.59,75,100,12.73,TO,2021-04-04 15:28:33
388,Bedele,8.456,36.353,79.38,26,53,4.97,ET,2021-04-04 15:28:34
389,Alofi,-19.0595,-169.9187,71.6,100,97,2.3,NU,2021-04-04 15:28:34
390,Bubaque,11.2833,-15.8333,75.16,72,89,10.54,GW,2021-04-04 15:28:34
391,Saldanha,-33.0117,17.9442,75.2,60,81,17.27,ZA,2021-04-04 15:26:03
392,Portoferraio,42.8115,10.3146,64.0,39,0,9.22,IT,2021-04-04 15:28:35
393,Acarau,-2.8856,-40.12,83.89,73,100,14.54,BR,2021-04-04 15:28:35
394,Zyryanka,65.75,150.85,-6.7,99,100,5.44,RU,2021-04-04 15:28:35
395,Verkhoyansk,67.5447,133.385,-14.84,99,99,3.13,RU,2021-04-04 15:28:36
396,Werda,-25.2667,23.2833,90.14,15,0,8.34,BW,2021-04-04 15:28:36
397,Dunedin,-45.8742,170.5036,55.0,89,40,5.01,NZ,2021-04-04 15:28:37
398,Acajutla,13.5928,-89.8275,77.0,47,0,6.91,SV,2021-04-04 15:28:37
399,Cochrane,51.1834,-114.4687,39.99,60,1,16.11,CA,2021-04-04 15:28:37
400,Kolokani,13.5728,-8.0339,103.91,3,16,7.18,ML,2021-04-04 15:28:38
401,Durgapur,23.4833,87.3167,78.13,39,0,6.78,IN,2021-04-04 15:28:38
402,Nobeoka,32.5833,131.6667,50.0,86,92,1.01,JP,2021-04-04 15:28:39
403,Ilebo,-4.3167,20.5833,72.14,98,100,1.63,CD,2021-04-04 15:28:39
404,Khandyga,62.6667,135.6,-24.59,100,32,1.41,RU,2021-04-04 15:28:39
405,Skibbereen,51.55,-9.2667,57.2,54,20,14.97,IE,2021-04-04 15:28:40
406,Were Ilu,10.6,39.4333,64.99,41,66,11.68,ET,2021-04-04 15:28:40
407,Manzanillo,20.3433,-77.1167,79.41,50,35,19.66,CU,2021-04-04 15:28:40
408,Daura,11.5538,11.4085,100.06,8,0,10.29,NG,2021-04-04 15:28:41
409,Manitouwadge,49.1215,-85.8403,42.8,52,90,2.3,CA,2021-04-04 15:28:41
410,Lucapa,-8.4192,20.7447,79.12,66,98,4.34,AO,2021-04-04 15:28:42
411,Sheregesh,52.9209,87.9869,29.66,87,0,2.86,RU,2021-04-04 15:28:42
412,Manzhouli,49.6,117.4333,40.77,51,7,17.9,CN,2021-04-04 15:28:42
413,Khani,41.9563,42.9566,69.8,32,0,6.91,GE,2021-04-04 15:26:24
414,Poum,-20.2333,164.0167,79.18,79,100,24.34,NC,2021-04-04 15:28:43
415,Madimba,-10.4,40.3333,80.6,89,40,9.22,TZ,2021-04-04 15:28:43
416,Olovyannaya,50.95,115.5667,37.65,59,34,15.99,RU,2021-04-04 15:28:43
417,Avera,33.194,-82.5271,64.99,36,1,8.05,US,2021-04-04 15:28:44
418,Wau,7.7029,27.9953,102.29,10,83,7.49,SS,2021-04-04 15:28:44
419,Chernushka,56.5072,56.0766,32.56,99,100,4.85,RU,2021-04-04 15:28:45
420,Kallithea,37.95,23.7,72.0,56,0,6.91,GR,2021-04-04 15:28:45
421,Kavaratti,10.5669,72.642,82.92,67,48,14.43,IN,2021-04-04 15:28:46
422,Lukow,51.929,22.3796,50.0,45,99,8.9,PL,2021-04-04 15:28:46
423,Margate,51.3813,1.3862,55.99,58,39,3.0,GB,2021-04-04 15:28:46
424,Nouadhibou,20.931,-17.0347,78.8,47,88,11.5,MR,2021-04-04 15:28:47
425,Miraflores,19.2167,-98.8083,55.4,54,1,4.61,MX,2021-04-04 15:28:47
426,Manokwari,-0.8667,134.0833,78.46,84,92,7.63,ID,2021-04-04 15:28:48
427,Tongchuan,35.0806,109.0897,45.66,77,88,3.98,CN,2021-04-04 15:28:48
428,Huejuquilla El Alto,22.6,-103.8667,64.47,59,55,0.76,MX,2021-04-04 15:28:48
429,Vila,42.0304,-8.1588,75.0,38,4,8.01,PT,2021-04-04 15:28:49
430,Yellandu,17.6,80.3333,88.65,39,67,7.67,IN,2021-04-04 15:28:49
431,Poplar Bluff,36.757,-90.3929,59.0,54,1,4.61,US,2021-04-04 15:28:49
432,Khanpur,28.6453,70.6567,90.19,7,27,11.54,PK,2021-04-04 15:28:50
433,Safford,32.834,-109.7076,73.0,26,1,3.44,US,2021-04-04 15:28:50
434,Umm Lajj,25.0213,37.2685,75.97,57,1,18.37,SA,2021-04-04 15:28:51
435,Kenai,60.5544,-151.2583,41.0,75,75,25.32,US,2021-04-04 15:28:51
436,Lake City,30.1897,-82.6393,66.99,39,1,2.3,US,2021-04-04 15:28:37
437,Severo-Kurilsk,50.6789,156.125,28.9,82,81,14.81,RU,2021-04-04 15:28:52
438,Port Hedland,-20.3167,118.5667,78.8,53,2,5.75,AU,2021-04-04 15:26:47
439,Abalak,58.1286,68.5944,34.65,94,90,9.86,RU,2021-04-04 15:28:52
440,Padang,-0.9492,100.3543,75.2,94,20,2.3,ID,2021-04-04 15:28:52
441,Shahpura,27.3833,75.9667,89.6,18,2,2.3,IN,2021-04-04 15:28:53
442,Banjar,-8.19,114.9675,82.4,78,20,3.44,ID,2021-04-04 15:28:53
443,Los Zacatones,22.95,-102.05,59.0,58,20,6.91,MX,2021-04-04 15:28:53
444,Katobu,-4.9408,122.5276,78.67,84,100,4.68,ID,2021-04-04 15:28:54
445,Flinders,-34.5833,150.8552,66.0,85,0,8.01,AU,2021-04-04 15:28:54
446,Bardiyah,31.7561,25.0865,79.57,24,0,15.03,LY,2021-04-04 15:28:54
447,Verkhniy Lomov,53.4678,43.5511,36.48,80,100,4.47,RU,2021-04-04 15:28:55
448,Caravelas,-17.7125,-39.2481,83.57,60,80,9.78,BR,2021-04-04 15:28:55
449,Esfahan,32.6572,51.6776,62.6,7,0,6.91,IR,2021-04-04 15:28:55
450,Nova Olimpia,-14.7972,-57.2881,85.3,64,99,3.11,BR,2021-04-04 15:28:56
451,Pitimbu,-7.4706,-34.8086,86.0,74,75,10.36,BR,2021-04-04 15:28:56
452,Lichinga,-13.3128,35.2406,69.8,83,75,17.27,MZ,2021-04-04 15:28:56
453,Sakakah,29.9697,40.2064,75.2,9,0,2.66,SA,2021-04-04 15:26:42
454,Mahon,39.8885,4.2658,60.8,77,40,18.41,ES,2021-04-04 15:28:57
455,Esil,51.9556,66.4042,33.39,98,100,9.91,KZ,2021-04-04 15:28:57
456,Hrodna,53.6884,23.8258,46.4,31,75,13.42,BY,2021-04-04 15:28:58
457,Evensk,61.95,159.2333,10.02,53,100,29.59,RU,2021-04-04 15:28:58
458,Khorixas,-20.3667,14.9667,91.31,21,1,13.11,NA,2021-04-04 15:28:58
459,Kahului,20.8947,-156.47,69.8,94,75,11.5,US,2021-04-04 15:26:09
460,Kingsport,36.5484,-82.5618,57.99,40,1,3.44,US,2021-04-04 15:24:54
461,Normandin,48.8333,-72.5321,32.0,59,20,3.44,CA,2021-04-04 15:28:59
462,Dauin,9.1914,123.2654,80.6,78,20,4.61,PH,2021-04-04 15:28:59
463,Korla,41.7597,86.1469,52.81,22,0,9.51,CN,2021-04-04 15:28:59
464,Khasan,42.4308,130.6434,39.61,58,0,5.17,RU,2021-04-04 15:29:00
465,Guasdualito,7.2424,-70.7324,92.19,38,98,6.15,VE,2021-04-04 15:27:02
466,Udachnyy,66.4167,112.4,-18.67,100,95,5.41,RU,2021-04-04 15:29:00
467,Moyo,3.6609,31.7247,82.96,45,98,4.18,UG,2021-04-04 15:29:01
468,Saint-Joseph,-21.3667,55.6167,82.4,74,0,8.23,RE,2021-04-04 15:29:01
469,Kiruna,67.8557,20.2251,35.6,80,75,6.91,SE,2021-04-04 15:29:01
470,Antofagasta,-23.65,-70.4,73.0,56,0,9.22,CL,2021-04-04 15:29:02
471,Baruun-Urt,46.6806,113.2792,39.31,22,0,7.43,MN,2021-04-04 15:29:02
472,Taoudenni,22.6783,-3.9836,101.43,8,3,16.28,ML,2021-04-04 15:29:03
473,Oromocto,45.8351,-66.4792,33.8,47,90,17.27,CA,2021-04-04 15:29:03
474,Shirokiy,49.758,129.523,34.36,83,65,4.18,RU,2021-04-04 15:29:03
475,Tabory,58.5198,64.5495,35.92,98,100,3.44,RU,2021-04-04 15:29:04
476,Coldwater,41.9403,-85.0005,59.0,41,1,4.61,US,2021-04-04 15:29:04
477,Mendi,-6.1761,143.6513,54.45,85,99,3.4,PG,2021-04-04 15:29:05
478,Salinas,36.6777,-121.6555,53.6,76,90,0.96,US,2021-04-04 15:26:28
479,Maniitsoq,65.4167,-52.9,32.09,98,100,34.38,GL,2021-04-04 15:29:05
480,Wyndham,37.6985,-77.6125,64.99,27,1,9.22,US,2021-04-04 15:29:05
481,Palmares Do Sul,-30.2578,-50.5097,79.12,55,2,14.63,BR,2021-04-04 15:29:06
482,Pasni,25.2631,63.471,80.82,77,3,10.56,PK,2021-04-04 15:29:06
483,Mae Sai,20.4335,99.8762,71.6,100,20,2.3,TH,2021-04-04 15:29:06
484,Zyryanskoye,56.8306,86.6258,29.48,97,97,4.54,RU,2021-04-04 15:29:07
485,Woodward,36.4337,-99.3904,62.6,63,1,12.66,US,2021-04-04 15:29:07
486,Borogontsy,62.6683,131.1683,-21.03,100,35,1.25,RU,2021-04-04 15:29:07
487,Coquimbo,-29.9533,-71.3436,62.6,72,90,2.3,CL,2021-04-04 15:25:06
488,Mackay,-21.15,149.2,73.99,94,90,6.91,AU,2021-04-04 15:25:15
489,Matara,5.9485,80.5353,78.64,81,60,8.48,LK,2021-04-04 15:29:08
490,Akyab,20.15,92.9,80.24,78,0,3.62,MM,2021-04-04 15:29:09
491,Santa Marta,11.2408,-74.199,80.65,74,100,12.46,CO,2021-04-04 15:29:09
492,Omboue,-1.5746,9.2618,83.26,74,81,10.54,GA,2021-04-04 15:29:10
493,Zonguldak,41.25,31.8333,55.4,76,75,10.36,TR,2021-04-04 15:29:10
494,Komsomolskiy,40.4272,71.7189,48.2,87,75,2.3,UZ,2021-04-04 15:29:10
495,Touros,-5.1989,-35.4608,86.0,66,40,14.97,BR,2021-04-04 15:29:11
496,Vicksburg,32.3526,-90.8779,66.2,37,1,2.91,US,2021-04-04 15:29:11
497,Hami,42.8,93.45,55.94,27,84,8.34,CN,2021-04-04 15:29:11
498,Hastings,50.8552,0.5729,53.01,62,28,5.01,GB,2021-04-04 15:29:12
499,Mahibadhoo,3.7833,72.9667,84.56,72,14,12.73,MV,2021-04-04 15:29:12
500,Ahipara,-35.1667,173.1667,58.6,81,17,5.08,NZ,2021-04-04 15:29:12
501,Hamilton,39.1834,-84.5333,61.0,38,1,6.91,US,2021-04-04 15:28:03
502,Alta Floresta,-9.8756,-56.0861,87.8,66,40,3.44,BR,2021-04-04 15:25:48
503,Chateau-Gontier,47.8333,-0.7,59.0,51,0,9.22,FR,2021-04-04 15:29:13
504,Fairlie,55.756,-4.8556,50.0,86,99,10.0,GB,2021-04-04 15:29:13
505,Te Anau,-45.4167,167.7167,56.8,67,11,13.15,NZ,2021-04-04 15:26:21
506,Urucui,-7.2294,-44.5561,90.55,49,50,9.31,BR,2021-04-04 15:29:14
507,Arak,34.0917,49.6892,57.36,13,0,4.41,IR,2021-04-04 15:29:15
508,Changde,29.0464,111.6783,52.93,82,100,3.47,CN,2021-04-04 15:29:15
509,Bexhill,-28.7667,153.35,68.0,94,75,6.91,AU,2021-04-04 15:29:15
510,Harindanga,22.0383,88.3214,75.2,60,75,11.5,IN,2021-04-04 15:29:16
511,Bathsheba,13.2167,-59.5167,84.2,54,40,18.41,BB,2021-04-04 15:29:16
512,Banikoara,11.2985,2.4386,103.05,6,25,4.21,BJ,2021-04-04 15:29:16
513,Ruwi,23.5996,58.5507,87.8,48,0,3.44,OM,2021-04-04 15:29:17
514,Mezen,65.8522,44.24,32.58,82,95,10.69,RU,2021-04-04 15:29:17
515,Biak,-0.9131,122.8766,77.88,81,99,4.85,ID,2021-04-04 15:29:18
516,Orlik,52.5178,99.825,15.39,86,25,2.91,RU,2021-04-04 15:29:18
517,Port Augusta,-32.5,137.7667,68.0,88,0,11.5,AU,2021-04-04 15:29:18
518,Manado,1.487,124.8455,77.0,94,20,1.14,ID,2021-04-04 15:29:19
519,Katangli,51.7102,143.2326,16.92,85,53,9.57,RU,2021-04-04 15:29:19
520,Catuday,16.2923,119.8062,79.09,78,0,1.05,PH,2021-04-04 15:29:19
521,Wenling,28.3669,121.36,59.0,68,0,9.66,CN,2021-04-04 15:29:20
522,Bodden Town,19.2833,-81.25,78.8,69,75,17.27,KY,2021-04-04 15:24:57
523,Kapoeta,4.7717,33.5903,88.88,35,99,9.48,SS,2021-04-04 15:29:20
524,Prado,-17.3411,-39.2208,83.1,64,24,9.37,BR,2021-04-04 15:29:21
525,Mount Gambier,-37.8333,140.7667,57.2,72,9,3.44,AU,2021-04-04 15:29:21
526,Monrovia,6.3005,-10.7969,84.2,84,75,5.75,LR,2021-04-04 15:29:22
527,Matay,28.419,30.7792,82.06,11,0,15.59,EG,2021-04-04 15:29:22
528,Atbasar,51.8,68.3333,33.13,99,100,7.56,KZ,2021-04-04 15:29:22
529,Soe,-9.8607,124.284,67.42,95,100,12.03,ID,2021-04-04 15:29:22
530,Pavelets,53.7883,39.246,33.42,94,72,5.97,RU,2021-04-04 15:29:23
531,Iberia,29.9502,-91.7507,66.2,52,1,11.5,US,2021-04-04 15:29:23
532,Moron,-34.6534,-58.6198,78.01,78,75,5.75,AR,2021-04-04 15:24:50
533,Knyaze-Volkonskoye,48.4642,135.4567,33.8,55,0,11.18,RU,2021-04-04 15:29:24
534,Lewistown,40.5992,-77.5714,59.0,38,1,11.5,US,2021-04-04 15:29:24
535,Faya,18.3851,42.4509,75.2,33,0,13.8,SA,2021-04-04 15:29:24
536,Rediu,47.2167,27.5,48.2,53,0,13.8,RO,2021-04-04 15:29:25
537,Lubao,14.9167,120.55,82.4,65,75,3.44,PH,2021-04-04 15:29:25
538,Broken Hill,-31.95,141.4333,68.0,42,0,4.61,AU,2021-04-04 15:28:25
539,Camacha,33.0833,-16.3333,66.2,59,20,4.61,PT,2021-04-04 15:29:25
540,Carandai,-20.9536,-43.8064,71.6,64,75,4.61,BR,2021-04-04 15:29:26
541,Phalaborwa,-23.943,31.1411,80.6,54,58,8.05,ZA,2021-04-04 15:29:26
542,Olenino,56.2092,33.4889,36.88,72,97,7.11,RU,2021-04-04 15:29:27
543,Dicabisagan,17.0818,122.4157,77.83,84,40,8.12,PH,2021-04-04 15:29:27
544,Belmonte,-15.8631,-38.8828,86.0,79,40,8.05,BR,2021-04-04 15:24:38
545,Dzhebariki-Khaya,62.2167,135.8,-20.07,99,79,1.79,RU,2021-04-04 15:29:28
546,Prince Rupert,54.3161,-130.3201,37.4,93,90,5.75,CA,2021-04-04 15:29:28
547,Ramona,33.0417,-116.8681,57.0,81,1,1.45,US,2021-04-04 15:29:29
548,Gwembe,-16.4975,27.6069,73.92,54,1,7.49,ZM,2021-04-04 15:29:29
549,Mangai,-4.05,19.5333,72.55,94,99,11.56,CD,2021-04-04 15:25:13
550,Vaitape,-16.5167,-151.75,81.03,77,26,8.19,PF,2021-04-04 15:29:29
551,Raudeberg,61.9875,5.1352,37.99,89,100,34.36,NO,2021-04-04 15:27:08
552,Twin Falls,42.3505,-114.6445,62.01,23,1,9.22,US,2021-04-04 15:29:30
553,Saint-Augustin,51.226,-58.6502,34.84,99,100,13.0,CA,2021-04-04 15:29:30
554,Krasnoselkup,65.7,82.4667,33.15,98,100,12.97,RU,2021-04-04 15:29:31
555,Bam,29.106,58.357,70.36,12,63,9.53,IR,2021-04-04 15:29:31
556,Chikwawa,-16.0335,34.8009,80.6,61,40,13.8,MW,2021-04-04 15:29:31
557,Colares,38.7992,-9.4469,72.0,64,0,8.05,PT,2021-04-04 15:29:32
558,Celendin,-6.8703,-78.1517,60.8,72,75,2.3,PE,2021-04-04 15:29:32
559,Nieuwpoort,51.1244,2.7735,50.0,70,75,10.36,BE,2021-04-04 15:29:32
560,Beloha,-25.1667,45.05,74.37,72,42,13.62,MG,2021-04-04 15:27:11
561,Nishihara,26.1842,127.7558,66.2,77,75,18.41,JP,2021-04-04 15:29:33
562,Magadan,59.5667,150.8,14.05,74,100,9.73,RU,2021-04-04 15:26:14
563,Macusani,-14.0833,-70.4333,42.1,72,90,4.21,PE,2021-04-04 15:29:33
564,Bonfim,3.0833,-59.95,87.82,56,99,8.95,BR,2021-04-04 15:29:34
565,Kudahuvadhoo,2.6708,72.8944,83.95,73,12,14.38,MV,2021-04-04 15:29:34
