City_ID,City,Country,Date,Lat,Lng,Max Temp,Humidity,Cloudiness,Wind Speed,Current Description
0,Lorengau,PG,2021-04-04 02:34:24,-2.0226,147.2712,82.11,80,85,10.83,light rain
1,Nantucket,US,2021-04-04 02:34:24,41.2835,-70.0995,41.4,53,0,11.59,clear sky
2,Port Alfred,ZA,2021-04-04 02:34:25,-33.5906,26.891,60.22,81,0,8.66,clear sky
3,Torbay,CA,2021-04-04 02:34:25,47.6666,-52.7314,37.99,100,90,12.66,light rain
4,Urumqi,CN,2021-04-04 02:34:25,43.801,87.6005,42.8,61,0,4.47,clear sky
5,Saskylakh,RU,2021-04-04 02:34:26,71.9167,114.0833,-9.92,93,16,2.44,few clouds
6,Najran,SA,2021-04-04 02:34:26,17.4924,44.1277,68.0,21,19,16.11,dust
7,Port Moresby,PG,2021-04-04 02:32:56,-9.4431,147.1797,93.2,49,75,11.5,broken clouds
8,Ponta Do Sol,PT,2021-04-04 02:34:27,32.6667,-17.1,57.0,66,61,1.01,broken clouds
9,Atuona,PF,2021-04-04 02:30:54,-9.8,-139.0333,80.74,74,100,11.81,overcast clouds
10,Tinskoy,RU,2021-04-04 02:34:27,56.1525,96.9161,33.82,97,100,8.9,light snow
11,Ahuimanu,US,2021-04-04 02:34:27,21.4447,-157.8378,78.8,61,75,14.97,light rain
12,Busselton,AU,2021-04-04 02:34:03,-33.65,115.3333,68.0,84,100,5.01,light rain
13,Bluff,NZ,2021-04-04 02:34:28,-46.6,168.3333,61.0,80,53,21.0,broken clouds
14,Chilca,PE,2021-04-04 02:32:37,-12.5211,-76.7372,75.0,73,0,2.3,clear sky
15,Isangel,VU,2021-04-04 02:34:28,-19.55,169.2667,80.37,81,100,18.03,overcast clouds
16,Mataura,NZ,2021-04-04 02:34:29,-46.1927,168.8643,61.0,80,76,21.0,broken clouds
17,Punta Arenas,CL,2021-04-04 02:34:29,-53.15,-70.9167,37.4,75,20,9.22,few clouds
18,Kpandae,GH,2021-04-04 02:34:29,8.4689,-0.0113,81.05,70,96,9.86,overcast clouds
19,Ushuaia,AR,2021-04-04 02:31:42,-54.8,-68.3,37.4,81,40,10.36,scattered clouds
20,San Patricio,US,2021-04-04 02:31:45,28.017,-97.5169,69.8,68,40,8.05,scattered clouds
21,Jamestown,US,2021-04-04 02:34:30,42.097,-79.2353,46.0,31,90,9.22,overcast clouds
22,Mar Del Plata,AR,2021-04-04 02:30:39,-38.0023,-57.5575,66.0,88,0,6.91,clear sky
23,Westerland,DE,2021-04-04 02:34:30,54.9079,8.3033,42.8,75,90,13.8,overcast clouds
24,Albany,US,2021-04-04 02:30:07,42.6001,-73.9662,39.2,41,75,5.75,broken clouds
25,Kununurra,AU,2021-04-04 02:34:31,-15.7667,128.7333,93.2,33,100,12.66,overcast clouds
26,Tiszafured,HU,2021-04-04 02:34:32,47.6167,20.7667,41.0,70,90,12.66,overcast clouds
27,Kargasok,RU,2021-04-04 02:34:32,59.0556,80.8572,33.55,90,93,9.84,overcast clouds
28,Sao Filipe,CV,2021-04-04 02:34:32,14.8961,-24.4956,74.93,65,100,7.45,overcast clouds
29,Avarua,CK,2021-04-04 02:34:33,-21.2078,-159.775,84.2,74,94,12.66,overcast clouds
30,Ostrovnoy,RU,2021-04-04 02:32:26,68.0531,39.5131,23.9,90,100,16.58,overcast clouds
31,Pevek,RU,2021-04-04 02:30:57,69.7008,170.3133,-8.0,94,98,6.02,overcast clouds
32,Sao Joao Da Barra,BR,2021-04-04 02:34:33,-21.6403,-41.0511,72.34,87,42,7.43,scattered clouds
33,Cape Town,ZA,2021-04-04 02:34:32,-33.9258,18.4232,66.0,94,75,4.61,broken clouds
34,Bay Roberts,CA,2021-04-04 02:34:34,47.5999,-53.2648,37.99,95,27,1.99,scattered clouds
35,Longyearbyen,SJ,2021-04-04 02:34:34,78.2186,15.6401,21.2,93,90,8.05,light snow
36,Mbaiki,CF,2021-04-04 02:34:34,3.8678,17.9892,69.64,89,75,1.9,broken clouds
37,Egvekinot,RU,2021-04-04 02:34:34,66.3167,-179.1667,-1.7,73,100,16.08,overcast clouds
38,Agadez,NE,2021-04-04 02:34:35,19.75,10.25,65.5,14,0,3.51,clear sky
39,Sao Jose De Ribamar,BR,2021-04-04 02:34:35,-2.5619,-44.0542,77.0,100,40,3.44,scattered clouds
40,Andenes,NO,2021-04-04 02:34:36,69.3143,16.1194,30.99,93,100,11.5,light snow
41,Shache,CN,2021-04-04 02:34:36,38.4167,77.2406,48.22,47,36,5.64,scattered clouds
42,Strelka,RU,2021-04-04 02:34:36,58.0728,93.0344,33.67,94,100,5.46,overcast clouds
43,Hirara,JP,2021-04-04 02:32:16,24.8,125.2833,73.4,88,75,14.97,broken clouds
44,Miyako,JP,2021-04-04 02:34:37,39.6367,141.9525,48.24,97,100,4.25,heavy intensity rain
45,New Norfolk,AU,2021-04-04 02:31:14,-42.7826,147.0587,66.99,44,64,7.0,broken clouds
46,Oranjemund,NA,2021-04-04 02:34:37,-28.55,16.4333,60.85,87,0,7.43,clear sky
47,Aklavik,CA,2021-04-04 02:34:37,68.2191,-135.0107,-0.4,65,100,5.75,overcast clouds
48,Hilo,US,2021-04-04 02:33:21,19.7297,-155.09,71.6,83,90,8.05,moderate rain
49,Codrington,AU,2021-04-04 02:34:38,-38.2667,141.9667,66.34,67,26,11.9,scattered clouds
50,Vaini,TO,2021-04-04 02:34:38,-21.2,-175.2,78.8,83,75,4.61,broken clouds
51,Alice Springs,AU,2021-04-04 02:34:38,-23.7,133.8833,80.6,29,0,8.05,clear sky
52,Iqaluit,CA,2021-04-04 02:34:39,63.7506,-68.5145,0.0,71,90,3.44,light snow
53,Oktyabrskiy,RU,2021-04-04 02:34:39,54.4815,53.471,32.92,98,98,4.76,light snow
54,Chuy,UY,2021-04-04 02:34:40,-33.6971,-53.4616,64.81,89,2,7.02,clear sky
55,Geraldton,AU,2021-04-04 02:34:40,-28.7667,114.6,82.4,42,29,16.11,scattered clouds
56,Hermanus,ZA,2021-04-04 02:34:40,-34.4187,19.2345,63.0,93,0,3.0,clear sky
57,Wakkanai,JP,2021-04-04 02:34:41,45.4094,141.6739,42.8,45,75,12.66,broken clouds
58,Kurmanayevka,RU,2021-04-04 02:33:14,52.5093,52.0675,33.55,96,98,5.35,overcast clouds
59,Yellowknife,CA,2021-04-04 02:30:18,62.456,-114.3525,9.0,61,75,6.91,broken clouds
60,Luena,AO,2021-04-04 02:31:22,-11.7833,19.9167,58.69,88,98,3.36,overcast clouds
61,Beringovskiy,RU,2021-04-04 02:34:41,63.05,179.3167,5.07,83,100,20.02,overcast clouds
62,Kayerkan,RU,2021-04-04 02:34:42,69.3497,87.7602,-3.14,76,10,8.46,clear sky
63,East London,ZA,2021-04-04 02:34:42,-33.0153,27.9116,60.64,80,2,9.6,clear sky
64,Katsuura,JP,2021-04-04 02:34:43,35.1333,140.3,72.0,56,75,20.71,broken clouds
65,Butaritari,KI,2021-04-04 02:34:43,3.0707,172.7902,82.6,77,20,13.04,light rain
66,Half Moon Bay,US,2021-04-04 02:34:43,37.4636,-122.4286,55.99,71,1,5.75,haze
67,Faanui,PF,2021-04-04 02:34:44,-16.4833,-151.75,82.8,70,12,6.04,few clouds
68,Victoria,HK,2021-04-04 02:31:31,22.2855,114.1577,80.01,84,21,1.01,few clouds
69,Yakima,US,2021-04-04 02:30:59,46.4665,-120.6678,64.4,25,1,5.75,clear sky
70,Mehamn,NO,2021-04-04 02:30:48,71.0357,27.8492,30.61,90,100,16.93,light snow
71,Upernavik,GL,2021-04-04 02:34:44,72.7868,-56.1549,-23.44,93,13,7.18,few clouds
72,Ilulissat,GL,2021-04-04 02:34:45,69.2167,-51.1,1.4,66,2,8.05,clear sky
73,Dunedin,NZ,2021-04-04 02:32:33,-45.8742,170.5036,70.3,53,9,10.98,clear sky
74,Kapaa,US,2021-04-04 02:34:45,22.0752,-159.319,75.2,69,75,18.41,light rain
75,Umm Lajj,SA,2021-04-04 02:34:45,25.0213,37.2685,70.52,33,8,17.16,clear sky
76,Tessalit,ML,2021-04-04 02:34:46,20.1986,1.0114,74.95,8,35,10.02,scattered clouds
77,Mercedes,AR,2021-04-04 02:34:46,-34.6515,-59.4307,64.0,84,98,4.0,overcast clouds
78,Baoro,CF,2021-04-04 02:34:46,5.6667,15.9667,73.65,54,100,0.6,overcast clouds
79,Hobart,AU,2021-04-04 02:34:47,-42.8794,147.3294,68.0,34,40,18.41,scattered clouds
80,Touros,BR,2021-04-04 02:34:47,-5.1989,-35.4608,75.2,94,75,3.44,broken clouds
81,Bredasdorp,ZA,2021-04-04 02:34:48,-34.5322,20.0403,50.0,87,0,3.96,clear sky
82,Hithadhoo,MV,2021-04-04 02:34:48,-0.6,73.0833,83.53,75,70,15.93,broken clouds
83,Vostok,RU,2021-04-04 02:34:48,46.4856,135.8833,34.72,36,83,10.87,broken clouds
84,Tongchuan,CN,2021-04-04 02:34:49,35.0806,109.0897,48.33,72,100,10.89,overcast clouds
85,Norman Wells,CA,2021-04-04 02:32:13,65.282,-126.8329,14.0,52,75,5.75,broken clouds
86,Arraial Do Cabo,BR,2021-04-04 02:31:09,-22.9661,-42.0278,75.31,74,27,4.36,scattered clouds
87,Nam Phong,TH,2021-04-04 02:34:49,16.7023,102.8557,89.01,83,75,2.3,heavy intensity rain
88,Polovinnoye,RU,2021-04-04 02:34:50,54.7914,65.9864,32.7,87,96,10.96,overcast clouds
89,Puerto Ayora,EC,2021-04-04 02:30:50,-0.7393,-90.3518,77.0,94,77,3.0,broken clouds
90,Opuwo,NA,2021-04-04 02:34:50,-18.0607,13.84,69.26,56,40,6.85,scattered clouds
91,Sandwick,GB,2021-04-04 02:34:51,60.0,-1.25,44.6,93,90,28.77,overcast clouds
92,Roald,NO,2021-04-04 02:34:51,62.5833,6.1333,44.6,76,90,27.63,overcast clouds
93,Mocuba,MZ,2021-04-04 02:34:51,-16.8392,36.9856,69.87,95,50,1.77,scattered clouds
94,Yar-Sale,RU,2021-04-04 02:33:12,66.8333,70.8333,22.44,99,100,3.31,overcast clouds
95,Barranca,PE,2021-04-04 02:32:53,-10.75,-77.7667,70.32,78,94,6.11,overcast clouds
96,Nanortalik,GL,2021-04-04 02:30:46,60.1432,-45.2371,35.26,91,100,12.82,overcast clouds
97,Wanning,CN,2021-04-04 02:34:52,18.8003,110.3967,84.04,63,7,8.12,clear sky
98,Bom Jesus,BR,2021-04-04 02:34:53,-9.0744,-44.3586,76.89,68,79,1.1,broken clouds
99,Sayyan,YE,2021-04-04 02:34:53,15.1718,44.3244,54.46,19,7,1.92,clear sky
100,Severo-Kurilsk,RU,2021-04-04 02:34:54,50.6789,156.125,33.71,83,81,25.68,broken clouds
101,Airai,TL,2021-04-04 02:30:52,-8.9266,125.4092,62.44,95,100,6.78,overcast clouds
102,George Town,MY,2021-04-04 02:34:54,5.4112,100.3354,84.0,89,40,1.14,scattered clouds
103,Sao Jose Da Coroa Grande,BR,2021-04-04 02:30:58,-8.8978,-35.1478,77.43,87,22,6.49,few clouds
104,Saint-Joseph,RE,2021-04-04 02:34:54,-21.3667,55.6167,77.0,69,0,6.91,clear sky
105,Castro,BR,2021-04-04 02:34:55,-24.7911,-50.0119,55.44,99,51,3.51,broken clouds
106,Mount Gambier,AU,2021-04-04 02:34:55,-37.8333,140.7667,69.8,60,40,12.66,scattered clouds
107,Cayenne,GF,2021-04-04 02:31:20,4.9333,-52.3333,80.01,94,75,2.3,broken clouds
108,Raga,SS,2021-04-04 02:34:56,8.4596,25.678,72.48,23,14,3.78,few clouds
109,Bambous Virieux,MU,2021-04-04 02:34:56,-20.3428,57.7575,80.01,89,40,3.44,light rain
110,Rikitea,PF,2021-04-04 02:34:56,-23.1203,-134.9692,78.3,57,35,20.36,scattered clouds
111,Ancud,CL,2021-04-04 02:31:30,-41.8697,-73.8203,48.2,87,0,2.62,clear sky
112,Coahuayana,MX,2021-04-04 02:34:57,18.7333,-103.6833,72.32,71,9,1.81,clear sky
113,Mgandu,TZ,2021-04-04 02:34:57,-5.95,34.1333,58.46,98,82,5.59,broken clouds
114,Chapais,CA,2021-04-04 02:32:16,49.7834,-74.8492,32.0,32,90,3.44,overcast clouds
115,Tiksi,RU,2021-04-04 02:31:35,71.6872,128.8694,-9.81,98,100,7.76,overcast clouds
116,Klaksvik,FO,2021-04-04 02:34:58,62.2266,-6.589,44.6,87,75,28.77,broken clouds
117,Ahipara,NZ,2021-04-04 02:34:58,-35.1667,173.1667,68.23,62,0,8.1,clear sky
118,Ribeira Grande,PT,2021-04-04 02:30:45,38.5167,-28.7,62.44,82,100,32.57,overcast clouds
119,Divnomorskoye,RU,2021-04-04 02:34:58,44.5011,38.1353,48.47,95,73,11.9,broken clouds
120,Haines Junction,CA,2021-04-04 02:34:48,60.7522,-137.5108,32.0,47,76,10.36,broken clouds
121,Guerrero Negro,MX,2021-04-04 02:34:59,27.9769,-114.0611,60.26,84,0,13.91,clear sky
122,Port Hedland,AU,2021-04-04 02:34:59,-20.3167,118.5667,96.8,20,87,8.05,overcast clouds
123,Saint-Philippe,RE,2021-04-04 02:35:00,-21.3585,55.7679,77.0,69,0,6.91,light rain
124,Novovasylivka,UA,2021-04-04 02:35:00,46.8315,35.7536,41.94,75,100,3.58,overcast clouds
125,Bubaque,GW,2021-04-04 02:35:00,11.2833,-15.8333,75.04,81,28,12.08,scattered clouds
126,Carnarvon,AU,2021-04-04 02:35:01,-24.8667,113.6333,87.8,35,0,13.8,clear sky
127,Namibe,AO,2021-04-04 02:31:46,-15.1961,12.1522,76.37,85,60,4.14,broken clouds
128,Ulyanovka,RU,2021-04-04 02:35:01,59.6394,30.7647,34.0,93,0,4.47,clear sky
129,Saint-Ambroise,CA,2021-04-04 02:35:01,48.5501,-71.3324,28.0,68,6,6.91,clear sky
130,Alamosa,US,2021-04-04 02:35:02,37.4695,-105.87,55.4,16,1,5.75,clear sky
131,Hay River,CA,2021-04-04 02:35:02,60.8156,-115.7999,23.0,58,66,3.44,broken clouds
132,Okha,RU,2021-04-04 02:35:03,53.5739,142.9478,24.85,90,100,31.72,light snow
133,Pisco,PE,2021-04-04 02:35:04,-13.7,-76.2167,73.99,78,92,1.14,overcast clouds
134,Port Lincoln,AU,2021-04-04 02:35:04,-34.7333,135.8667,74.55,62,3,9.64,light rain
135,Avera,US,2021-04-04 02:32:17,33.194,-82.5271,46.0,70,1,4.16,clear sky
136,Talnakh,RU,2021-04-04 02:35:05,69.4865,88.3972,-5.55,76,3,10.67,clear sky
137,Dwarka,IN,2021-04-04 02:35:05,22.2394,68.9678,81.25,69,3,7.67,clear sky
138,College,US,2021-04-04 02:31:26,64.8569,-147.8028,30.99,86,90,4.61,fog
139,Anadyr,RU,2021-04-04 02:35:05,64.75,177.4833,3.2,78,40,15.66,scattered clouds
140,Padang,ID,2021-04-04 02:31:39,-0.9492,100.3543,78.8,78,90,2.3,light rain
141,Camacupa,AO,2021-04-04 02:35:06,-12.0167,17.4833,58.82,92,100,1.7,overcast clouds
142,Husavik,IS,2021-04-04 02:35:06,66.0449,-17.3389,23.0,74,90,18.41,light snow
143,Cadillac,US,2021-04-04 02:31:24,44.2519,-85.4012,37.4,70,1,5.26,clear sky
144,Tokamachi,JP,2021-04-04 02:35:07,37.1333,138.7667,61.0,77,100,2.77,moderate rain
145,Mbuji-Mayi,CD,2021-04-04 02:35:07,-6.15,23.6,69.53,95,98,2.08,overcast clouds
146,Hambantota,LK,2021-04-04 02:35:07,6.1241,81.1185,77.0,88,0,6.91,clear sky
147,Monte Gordo,PT,2021-04-04 02:35:08,37.1819,-7.4523,57.99,94,0,4.61,clear sky
148,Kaitangata,NZ,2021-04-04 02:32:11,-46.2817,169.8464,65.14,64,49,15.55,scattered clouds
149,Lebu,CL,2021-04-04 02:31:29,-37.6167,-73.65,52.88,91,3,9.06,clear sky
150,Hwange,ZW,2021-04-04 02:35:08,-18.3693,26.5019,64.02,68,0,1.63,clear sky
151,The Pas,CA,2021-04-04 02:35:08,53.8251,-101.2541,41.0,48,90,2.3,overcast clouds
152,Mahebourg,MU,2021-04-04 02:30:49,-20.4081,57.7,78.8,89,40,3.44,light rain
153,Neyshabur,IR,2021-04-04 02:35:09,36.2133,58.7958,50.27,49,38,6.6,scattered clouds
154,Port Elizabeth,ZA,2021-04-04 02:35:09,-33.918,25.5701,57.2,88,0,3.44,clear sky
155,Moen,NO,2021-04-04 02:35:09,69.1304,18.6123,30.2,93,90,2.3,light snow
156,Pathein,MM,2021-04-04 02:35:10,16.7833,94.7333,86.34,47,94,11.95,overcast clouds
157,Comodoro Rivadavia,AR,2021-04-04 02:35:10,-45.8667,-67.5,60.8,67,0,4.61,clear sky
158,Cherskiy,RU,2021-04-04 02:33:11,68.75,161.3,2.98,81,40,3.56,scattered clouds
159,Liku,ID,2021-04-04 02:35:11,-0.7275,119.8922,89.08,54,41,4.14,scattered clouds
160,Leningradskiy,RU,2021-04-04 02:35:11,69.3833,178.4167,-0.69,90,100,7.56,overcast clouds
161,Northam,GB,2021-04-04 02:35:11,51.0333,-4.2167,37.99,1,7,3.6,clear sky
162,Esperance,AU,2021-04-04 02:31:13,-33.8667,121.9,73.4,56,59,16.11,broken clouds
163,Lensk,RU,2021-04-04 02:33:09,60.7253,114.9278,14.5,86,100,7.47,light snow
164,Sibu,MY,2021-04-04 02:35:12,2.3,111.8167,84.2,79,20,2.3,few clouds
165,Merritt Island,US,2021-04-04 02:35:12,28.5392,-80.672,64.4,59,90,3.44,overcast clouds
166,Sahuaripa,MX,2021-04-04 02:35:12,29.05,-109.2333,75.24,11,0,5.01,clear sky
167,Joshimath,IN,2021-04-04 02:35:13,30.5667,79.5667,61.16,18,0,1.57,clear sky
168,Copiapo,CL,2021-04-04 02:35:13,-27.3667,-70.3333,60.8,77,90,4.61,overcast clouds
169,La Ronge,CA,2021-04-04 02:35:13,55.1001,-105.2842,39.2,28,58,1.14,broken clouds
170,Kavaratti,IN,2021-04-04 02:35:14,10.5669,72.642,82.29,66,37,9.26,scattered clouds
171,Flinders,AU,2021-04-04 02:35:14,-34.5833,150.8552,86.0,58,5,3.0,clear sky
172,Quatre Cocos,MU,2021-04-04 02:35:14,-20.2078,57.7625,80.01,89,40,3.44,light rain
173,Nikolskoye,RU,2021-04-04 02:30:48,59.7035,30.7861,34.0,93,0,4.47,clear sky
174,Tambopata,PE,2021-04-04 02:32:00,-12.7333,-69.1833,70.48,99,100,1.07,overcast clouds
175,Jalu,LY,2021-04-04 02:32:01,29.0331,21.5482,65.1,20,39,11.39,scattered clouds
176,Puerto Colombia,CO,2021-04-04 02:35:15,10.9878,-74.9547,78.8,83,40,12.66,fog
177,Sovetskoye,RU,2021-04-04 02:35:15,52.2861,85.4131,28.6,93,47,4.81,scattered clouds
178,Khatanga,RU,2021-04-04 02:35:16,71.9667,102.5,-4.47,82,10,6.55,clear sky
179,Vanavara,RU,2021-04-04 02:35:16,60.34,102.2797,27.16,87,100,8.72,light snow
180,Madang,PG,2021-04-04 02:35:16,-5.2246,145.7966,77.54,90,100,1.28,moderate rain
181,Cidreira,BR,2021-04-04 02:31:24,-30.1811,-50.2056,71.94,77,74,16.44,broken clouds
182,Muros,ES,2021-04-04 02:35:17,42.7762,-9.0603,52.0,60,0,11.59,clear sky
183,Znamensk,RU,2021-04-04 02:35:17,48.5842,45.7338,46.85,85,99,12.41,overcast clouds
184,Tambura,SS,2021-04-04 02:35:18,5.6,27.4667,69.33,46,34,1.61,scattered clouds
185,Maceio,BR,2021-04-04 02:32:27,-9.6658,-35.7353,78.8,89,40,2.3,scattered clouds
186,Sorland,NO,2021-04-04 02:35:18,67.667,12.6934,39.74,93,100,32.01,light rain
187,Nueva Gerona,CU,2021-04-04 02:35:18,21.8833,-82.8,72.88,57,19,23.15,few clouds
188,Prince Rupert,CA,2021-04-04 02:30:57,54.3161,-130.3201,41.0,75,20,10.36,few clouds
189,Thompson,CA,2021-04-04 02:35:19,55.7435,-97.8558,32.0,55,20,3.44,few clouds
190,Pangnirtung,CA,2021-04-04 02:35:19,66.1451,-65.7125,-2.18,66,100,7.16,overcast clouds
191,Tuatapere,NZ,2021-04-04 02:35:19,-46.1333,167.6833,61.0,80,91,21.0,overcast clouds
192,Piraju,BR,2021-04-04 02:35:20,-23.1936,-49.3839,63.27,93,100,9.15,overcast clouds
193,Hami,CN,2021-04-04 02:35:20,42.8,93.45,59.47,7,100,12.88,overcast clouds
194,Znamenskoye,RU,2021-04-04 02:35:20,57.1281,73.8282,28.92,86,100,8.16,overcast clouds
195,Mbekenyera,TZ,2021-04-04 02:35:21,-10.0,38.9833,69.06,97,100,3.58,overcast clouds
196,Kavieng,PG,2021-04-04 02:30:50,-2.5744,150.7967,83.73,71,100,4.43,light rain
197,Marienburg,PL,2021-04-04 02:35:21,54.0359,19.0266,30.99,90,37,5.66,scattered clouds
198,Vestmannaeyjar,IS,2021-04-04 02:35:21,63.4427,-20.2734,35.33,65,21,35.34,few clouds
199,Buin,CL,2021-04-04 02:35:22,-33.7333,-70.75,73.99,55,0,9.22,clear sky
200,North Platte,US,2021-04-04 02:33:51,41.1239,-100.7654,66.2,24,1,9.22,clear sky
201,Manakara,MG,2021-04-04 02:35:22,-22.1333,48.0167,69.85,89,4,2.95,clear sky
202,Lamu,KE,2021-04-04 02:35:23,-2.2717,40.902,82.4,83,40,5.75,moderate rain
203,Conceicao Do Araguaia,BR,2021-04-04 02:35:23,-8.2578,-49.2647,77.0,88,0,2.3,clear sky
204,Rebrikha,RU,2021-04-04 02:35:23,53.0733,82.3408,29.35,87,68,5.1,broken clouds
205,Kruisfontein,ZA,2021-04-04 02:30:55,-34.0033,24.7314,60.55,44,0,6.04,clear sky
206,Russell,US,2021-04-04 02:35:24,32.3502,-85.1999,51.8,71,1,3.44,clear sky
207,Chipinge,ZW,2021-04-04 02:35:24,-20.1883,32.6236,55.67,95,3,1.97,clear sky
208,Carutapera,BR,2021-04-04 02:35:24,-1.195,-46.02,75.83,92,76,5.97,broken clouds
209,Torrevieja,ES,2021-04-04 02:35:25,37.9787,-0.6822,55.99,88,15,1.32,few clouds
210,Doha,QA,2021-04-04 02:35:25,25.2867,51.5333,69.8,56,0,19.57,clear sky
211,Taoudenni,ML,2021-04-04 02:35:25,22.6783,-3.9836,84.04,14,99,6.85,overcast clouds
212,Bengkulu,ID,2021-04-04 02:35:26,-3.8004,102.2655,80.8,74,90,13.67,overcast clouds
213,Juanjui,PE,2021-04-04 02:35:26,-7.1779,-76.7314,71.15,96,60,1.16,broken clouds
214,Rincon,US,2021-04-04 02:35:06,32.296,-81.2354,48.2,71,1,3.74,clear sky
215,Awjilah,LY,2021-04-04 02:35:27,29.1081,21.2869,65.62,19,41,11.81,scattered clouds
216,Madoc,CA,2021-04-04 02:35:27,44.5084,-77.4745,39.2,87,40,8.05,scattered clouds
217,Tuktoyaktuk,CA,2021-04-04 02:35:27,69.4541,-133.0374,-11.2,77,20,6.91,few clouds
218,Geilo,NO,2021-04-04 02:35:28,60.5333,8.2076,27.0,18,97,37.0,overcast clouds
219,Guanica,PR,2021-04-04 02:35:28,17.9716,-66.908,75.0,84,100,1.01,overcast clouds
220,Barrow,US,2021-04-04 02:35:02,71.2906,-156.7887,-9.4,70,1,5.75,clear sky
221,Aktau,KZ,2021-04-04 02:35:28,43.65,51.2,44.6,93,0,4.47,clear sky
222,Bronnoysund,NO,2021-04-04 02:35:29,65.4625,12.1997,41.0,93,90,23.02,overcast clouds
223,Manono,CD,2021-04-04 02:35:29,-7.3,27.4167,68.68,93,96,2.82,overcast clouds
224,Mahon,ES,2021-04-04 02:35:29,39.8885,4.2658,55.4,71,0,14.97,clear sky
225,Zgierz,PL,2021-04-04 02:35:30,51.8556,19.4062,33.01,93,0,3.44,clear sky
226,Saint-Augustin,CA,2021-04-04 02:35:30,51.226,-58.6502,33.8,99,100,8.3,overcast clouds
227,Poso,ID,2021-04-04 02:35:31,-1.3959,120.7524,88.05,61,34,5.03,scattered clouds
228,Ulaangom,MN,2021-04-04 02:35:31,49.9811,92.0667,37.0,34,0,4.03,clear sky
229,Castelo Do Piaui,BR,2021-04-04 02:35:31,-5.3222,-41.5525,72.79,78,38,2.73,scattered clouds
230,Kaspiyskiy,RU,2021-04-04 02:35:32,45.3929,47.3707,50.34,75,97,14.61,overcast clouds
231,Caravelas,BR,2021-04-04 02:35:32,-17.7125,-39.2481,76.23,82,100,4.79,overcast clouds
232,Pooler,US,2021-04-04 02:35:32,32.1155,-81.2471,48.2,71,1,3.02,clear sky
233,Luderitz,NA,2021-04-04 02:35:33,-26.6481,15.1594,69.26,54,5,13.98,clear sky
234,Punta Cardon,VE,2021-04-04 02:35:33,11.6581,-70.215,78.01,81,96,26.26,overcast clouds
235,Angoche,MZ,2021-04-04 02:35:33,-16.2325,39.9086,75.87,87,36,5.17,scattered clouds
236,Staraya Toropa,RU,2021-04-04 02:35:34,56.2801,31.6702,30.72,90,100,4.54,overcast clouds
237,Kysyl-Syr,RU,2021-04-04 02:35:34,63.8986,122.7617,3.25,82,97,3.38,overcast clouds
238,Labuhan,ID,2021-04-04 02:32:19,-6.8844,112.2051,86.74,66,87,7.58,overcast clouds
239,Clyde River,CA,2021-04-04 02:35:34,70.4692,-68.5914,-13.0,84,1,10.36,clear sky
240,Ucluelet,CA,2021-04-04 02:34:23,48.9329,-125.5528,45.0,87,75,14.97,broken clouds
241,Alexandria,EG,2021-04-04 02:35:35,31.2156,29.9553,51.8,93,0,3.44,clear sky
242,Areka,ET,2021-04-04 02:35:35,7.0667,37.7,60.67,60,84,2.84,broken clouds
243,Tingi,TZ,2021-04-04 02:35:36,-11.3,35.0333,61.3,95,99,3.36,overcast clouds
244,Kodiak,US,2021-04-04 02:31:21,57.79,-152.4072,48.2,49,40,10.36,scattered clouds
245,Majur,RS,2021-04-04 02:35:36,44.7697,19.6544,39.99,75,100,9.06,overcast clouds
246,Narsaq,GL,2021-04-04 02:35:36,60.9167,-46.05,37.4,93,90,1.14,drizzle
247,Georgetown,MY,2021-04-04 02:31:51,5.4112,100.3354,84.0,89,40,1.14,scattered clouds
248,Margate,GB,2021-04-04 02:35:37,51.3813,1.3862,42.01,71,100,1.99,overcast clouds
249,Saldanha,ZA,2021-04-04 02:35:37,-33.0117,17.9442,64.4,88,0,8.05,clear sky
250,Ercis,TR,2021-04-04 02:35:37,39.0287,43.3586,37.4,60,20,3.44,few clouds
251,Fengzhen,CN,2021-04-04 02:35:38,40.4394,113.1536,44.11,15,94,4.41,overcast clouds
252,Rapid Valley,US,2021-04-04 02:35:38,44.0625,-103.1463,62.6,28,1,11.5,clear sky
253,Tazovskiy,RU,2021-04-04 02:31:09,67.4667,78.7,26.87,95,100,7.83,overcast clouds
254,Mount Isa,AU,2021-04-04 02:35:39,-20.7333,139.5,84.2,32,0,12.66,clear sky
255,Kuremaa,EE,2021-04-04 02:35:39,58.7353,26.5383,30.99,93,34,10.36,scattered clouds
256,Westport,US,2021-04-04 02:33:55,41.1415,-73.3579,42.8,56,1,5.75,clear sky
257,Faya,SA,2021-04-04 02:35:40,18.3851,42.4509,60.8,77,0,4.61,clear sky
258,Raudeberg,NO,2021-04-04 02:35:40,61.9875,5.1352,44.01,85,94,29.21,overcast clouds
259,San Pedro,PH,2021-04-04 02:32:21,14.35,121.0167,91.0,55,20,5.75,few clouds
260,Gualaquiza,EC,2021-04-04 02:35:40,-3.4,-78.55,64.27,98,100,0.83,light rain
261,Santa Maria,BR,2021-04-04 02:35:41,-29.6842,-53.8069,68.0,94,0,8.05,clear sky
262,Kishtwar,IN,2021-04-04 02:31:14,33.3167,75.7667,57.96,26,37,2.06,scattered clouds
263,Tres Arroyos,AR,2021-04-04 02:35:41,-38.3739,-60.2798,59.99,82,1,8.9,moderate rain
264,Asau,RO,2021-04-04 02:31:36,46.4333,26.4,39.0,63,99,3.6,overcast clouds
265,Atambua,ID,2021-04-04 02:35:42,-9.1061,124.8925,72.91,90,100,19.04,light rain
266,Bonavista,CA,2021-04-04 02:35:42,48.6499,-53.1147,39.2,87,19,3.44,few clouds
267,Waihi,NZ,2021-04-04 02:35:42,-37.3833,175.8333,73.0,60,0,11.01,clear sky
268,Murdochville,CA,2021-04-04 02:35:43,48.9583,-65.5006,26.6,59,100,9.22,overcast clouds
269,Thinadhoo,MV,2021-04-04 02:35:43,0.5333,72.9333,83.01,75,0,14.45,clear sky
270,Chor,PK,2021-04-04 02:35:44,25.5167,69.7667,87.6,25,0,6.71,clear sky
271,Topolovgrad,BG,2021-04-04 02:35:44,42.0833,26.3333,48.2,100,90,2.3,overcast clouds
272,Watertown,US,2021-04-04 02:31:34,42.3709,-71.1828,41.0,60,1,3.44,clear sky
273,Lana,IT,2021-04-04 02:35:44,46.6124,11.1559,35.01,44,0,5.01,clear sky
274,Brookhaven,US,2021-04-04 02:35:45,31.5791,-90.4407,51.01,82,95,1.83,overcast clouds
275,Lavrentiya,RU,2021-04-04 02:35:45,65.5833,-171.0,5.47,90,100,8.7,light snow
276,Tura,IN,2021-04-04 02:31:24,25.5198,90.2201,87.8,15,0,3.38,clear sky
277,Khilok,RU,2021-04-04 02:31:40,51.3674,110.4676,40.48,55,40,13.49,scattered clouds
278,Qaanaaq,GL,2021-04-04 02:31:11,77.484,-69.3632,-21.24,74,22,8.19,few clouds
279,Henties Bay,NA,2021-04-04 02:35:46,-22.116,14.2845,68.45,73,1,4.92,clear sky
280,San Carlos De Bariloche,AR,2021-04-04 02:32:08,-41.1456,-71.3082,55.99,43,0,6.91,clear sky
281,Urubamba,PE,2021-04-04 02:35:46,-13.3047,-72.1158,51.13,91,98,4.21,overcast clouds
282,Palmerston,AU,2021-04-04 02:35:47,-12.486,130.9833,84.2,74,75,10.36,light rain
283,Baykit,RU,2021-04-04 02:35:47,61.67,96.37,30.4,85,98,3.83,overcast clouds
284,Nizhniy Kuranakh,RU,2021-04-04 02:35:47,58.8353,125.4869,22.68,71,100,2.21,overcast clouds
285,Qasigiannguit,GL,2021-04-04 02:35:48,68.8193,-51.1922,1.4,66,17,8.05,few clouds
286,Bilibino,RU,2021-04-04 02:35:48,68.0546,166.4372,4.05,77,27,1.16,scattered clouds
287,Khani,GE,2021-04-04 02:35:49,41.9563,42.9566,44.6,93,75,9.22,broken clouds
288,Camana,PE,2021-04-04 02:35:49,-16.6228,-72.7111,70.93,83,100,7.11,overcast clouds
289,Swan Hill,AU,2021-04-04 02:35:49,-35.3378,143.5544,89.73,19,0,4.29,clear sky
290,Svetlogorsk,BY,2021-04-04 02:35:50,52.6333,29.7333,31.95,87,33,5.26,scattered clouds
291,Lagoa,PT,2021-04-04 02:31:15,39.05,-27.9833,59.95,88,93,33.04,overcast clouds
292,Ranfurly,NZ,2021-04-04 02:35:50,-45.1333,170.1,65.26,53,36,27.18,scattered clouds
293,Ermelo,ZA,2021-04-04 02:35:50,-26.5333,29.9833,49.8,93,35,2.62,scattered clouds
294,Bonfim,BR,2021-04-04 02:35:51,3.0833,-59.95,78.62,78,100,7.83,overcast clouds
295,Huancavelica,PE,2021-04-04 02:35:51,-12.7667,-74.9833,37.96,96,100,1.92,overcast clouds
296,Mitu,CO,2021-04-04 02:35:51,1.1983,-70.1733,73.31,97,99,1.07,heavy intensity rain
297,Bilma,NE,2021-04-04 02:35:52,18.6853,12.9164,69.6,13,5,7.47,clear sky
298,Ornskoldsvik,SE,2021-04-04 02:35:52,63.2909,18.7153,39.2,81,75,19.57,broken clouds
299,Bandarbeyla,SO,2021-04-04 02:35:52,9.4942,50.8122,77.29,78,99,1.52,overcast clouds
300,Nieuw Nickerie,SR,2021-04-04 02:35:53,5.95,-56.9833,77.59,89,100,12.55,overcast clouds
301,Katherine,AU,2021-04-04 02:35:17,-14.4667,132.2667,87.8,42,40,13.8,scattered clouds
302,Tatarskaya Pishlya,RU,2021-04-04 02:35:53,54.0608,44.8998,31.35,89,100,5.57,overcast clouds
303,Ayr,GB,2021-04-04 02:35:53,55.4627,-4.6339,41.0,100,90,1.14,overcast clouds
304,Gladstone,AU,2021-04-04 02:30:55,-23.85,151.25,77.0,78,90,17.27,overcast clouds
305,Vardo,NO,2021-04-04 02:31:38,70.3705,31.1107,34.39,80,100,10.98,snow
306,Camopi,GF,2021-04-04 02:35:54,3.1655,-52.3158,72.16,99,100,2.98,light rain
307,Samdrup Jongkhar,BT,2021-04-04 02:35:55,26.9167,91.6167,78.64,23,0,3.27,clear sky
308,Sambava,MG,2021-04-04 02:35:55,-14.2667,50.1667,74.75,88,19,6.15,few clouds
309,Zarumilla,PE,2021-04-04 02:35:55,-3.5031,-80.2731,75.7,84,100,3.96,overcast clouds
310,Glace Bay,CA,2021-04-04 02:35:55,46.1969,-59.957,36.0,100,90,8.05,moderate rain
311,Tevaitoa,PF,2021-04-04 02:35:56,-16.7833,-151.5,82.62,71,21,6.93,few clouds
312,Gat,IL,2021-04-04 02:31:02,31.61,34.7642,52.0,83,0,3.49,clear sky
313,Terney,RU,2021-04-04 02:35:57,45.0503,136.6092,42.21,41,100,9.64,overcast clouds
314,Moranbah,AU,2021-04-04 02:35:57,-22.0016,148.0466,76.24,69,100,16.75,overcast clouds
315,Sharjah,AE,2021-04-04 02:35:57,25.3573,55.4033,73.4,88,0,8.05,clear sky
316,Ambon,ID,2021-04-04 02:35:57,-3.6954,128.1814,91.4,55,40,5.75,scattered clouds
317,Knysna,ZA,2021-04-04 02:35:58,-34.0363,23.0471,57.2,82,0,4.61,clear sky
318,Antalaha,MG,2021-04-04 02:35:58,-14.9003,50.2788,73.58,90,18,4.52,few clouds
319,Flin Flon,CA,2021-04-04 02:35:53,54.7682,-101.865,28.11,92,14,3.65,few clouds
320,Leo,BF,2021-04-04 02:35:59,11.1,-2.1,78.98,11,26,6.69,scattered clouds
321,Klyuchi,RU,2021-04-04 02:35:59,52.2667,79.1667,29.75,77,8,6.87,clear sky
322,Pedasi,PA,2021-04-04 02:35:59,7.5333,-80.0333,79.14,80,100,21.23,overcast clouds
323,Porto Novo,BJ,2021-04-04 02:36:00,6.4965,2.6036,79.7,85,44,6.26,scattered clouds
324,Kudahuvadhoo,MV,2021-04-04 02:36:00,2.6708,72.8944,82.09,77,25,13.11,scattered clouds
325,Tottori,JP,2021-04-04 02:36:00,35.5,134.2333,62.6,88,75,10.36,broken clouds
326,Zhigansk,RU,2021-04-04 02:36:01,66.7697,123.3711,-5.28,87,99,5.53,overcast clouds
327,Batticaloa,LK,2021-04-04 02:31:12,7.7102,81.6924,82.81,71,52,2.95,broken clouds
328,Souillac,MU,2021-04-04 02:36:01,-20.5167,57.5167,78.8,89,40,3.44,scattered clouds
329,Birjand,IR,2021-04-04 02:36:01,32.8663,59.2211,57.2,13,0,9.22,clear sky
330,Dingle,PH,2021-04-04 02:36:02,10.9995,122.6711,87.8,55,35,14.43,scattered clouds
331,Sinnamary,GF,2021-04-04 02:32:55,5.3833,-52.95,77.58,90,99,13.24,heavy intensity rain
332,Bethel,US,2021-04-04 02:36:03,41.3712,-73.414,39.99,55,1,3.44,clear sky
333,Gao,ML,2021-04-04 02:33:06,16.6362,1.637,73.67,9,0,10.09,clear sky
334,Shenjiamen,CN,2021-04-04 02:36:03,29.9576,122.298,53.46,66,11,22.82,few clouds
335,Tasiilaq,GL,2021-04-04 02:31:17,65.6145,-37.6368,17.6,53,0,13.8,clear sky
336,Kingsport,US,2021-04-04 02:36:03,36.5484,-82.5618,44.6,45,1,2.59,clear sky
337,Vaasa,FI,2021-04-04 02:36:04,63.096,21.6158,36.0,87,0,10.36,clear sky
338,Sitka,US,2021-04-04 02:33:08,57.0531,-135.33,39.2,65,75,8.05,broken clouds
339,Dubti,ET,2021-04-04 02:36:04,11.7361,41.0853,77.88,64,6,11.01,clear sky
340,Phan Thiet,VN,2021-04-04 02:36:05,10.9333,108.1,88.7,57,48,13.85,scattered clouds
341,Salinopolis,BR,2021-04-04 02:36:05,-0.6136,-47.3561,77.63,87,100,7.72,overcast clouds
342,Muromtsevo,RU,2021-04-04 02:36:05,56.3724,75.2418,23.9,81,99,7.38,overcast clouds
343,Chokurdakh,RU,2021-04-04 02:36:06,70.6333,147.9167,-3.17,92,20,6.6,few clouds
344,Ukiah,US,2021-04-04 02:36:06,39.1502,-123.2078,62.6,48,1,9.22,clear sky
345,Lata,PT,2021-04-04 02:36:06,40.1629,-8.3327,53.01,93,0,4.29,clear sky
346,Turukhansk,RU,2021-04-04 02:36:06,65.8167,87.9833,18.3,90,98,14.23,overcast clouds
347,San Borja,BO,2021-04-04 02:36:07,-14.8167,-66.85,71.04,98,42,2.82,scattered clouds
348,Pendleton,US,2021-04-04 02:36:07,45.6721,-118.7886,57.0,47,93,4.07,overcast clouds
349,Mzimba,MW,2021-04-04 02:36:08,-11.9,33.6,60.94,97,87,6.87,overcast clouds
350,Shelburne,CA,2021-04-04 02:36:08,44.0787,-80.2041,34.0,75,96,6.96,overcast clouds
351,Neuquen,AR,2021-04-04 02:36:08,-38.9516,-68.0591,64.4,88,0,7.0,clear sky
352,Constitucion,CL,2021-04-04 02:36:09,-35.3333,-72.4167,56.32,71,0,5.61,clear sky
353,Kattivakkam,IN,2021-04-04 02:36:09,13.2167,80.3167,82.4,83,40,4.61,mist
354,Boddam,GB,2021-04-04 02:36:10,57.4667,-1.7833,43.0,93,10,1.14,clear sky
355,Aransas Pass,US,2021-04-04 02:36:10,27.9095,-97.15,68.0,72,1,8.05,clear sky
356,Khandyga,RU,2021-04-04 02:36:10,62.6667,135.6,5.9,79,100,2.1,overcast clouds
357,Tiko,CM,2021-04-04 02:36:10,4.0745,9.3699,78.8,100,40,2.3,scattered clouds
358,Tilichiki,RU,2021-04-04 02:33:10,60.4667,166.1,10.27,75,16,8.7,few clouds
359,Dikson,RU,2021-04-04 02:33:07,73.5069,80.5464,-10.64,81,97,4.14,overcast clouds
360,Bodden Town,KY,2021-04-04 02:36:01,19.2833,-81.25,78.8,65,20,16.11,few clouds
361,Kikwit,CD,2021-04-04 02:36:11,-5.041,18.8162,70.61,97,100,1.32,overcast clouds
362,Craig,US,2021-04-04 02:36:11,40.5153,-107.5464,59.0,22,1,4.56,clear sky
363,Berdsk,RU,2021-04-04 02:36:12,54.7551,83.0967,26.6,80,0,6.71,clear sky
364,Vitim,RU,2021-04-04 02:36:12,59.4511,112.5578,27.43,84,100,5.48,overcast clouds
365,Coatzacoalcos,MX,2021-04-04 02:34:15,18.15,-94.4167,72.32,69,1,13.15,clear sky
366,Laurinburg,US,2021-04-04 02:34:17,34.7741,-79.4628,46.4,66,1,5.99,clear sky
367,Launceston,AU,2021-04-04 02:35:49,-41.45,147.1667,71.01,43,0,13.8,clear sky
368,Seoul,KR,2021-04-04 02:36:13,37.5683,126.9778,55.4,58,0,10.36,clear sky
369,San Antonio,US,2021-04-04 02:34:55,29.4241,-98.4936,68.0,60,90,10.36,overcast clouds
370,Tigil,RU,2021-04-04 02:36:14,57.8,158.6667,29.35,72,100,15.37,overcast clouds
371,Galle,LK,2021-04-04 02:36:14,6.0367,80.217,82.81,71,13,9.62,few clouds
372,Lucea,JM,2021-04-04 02:36:14,18.451,-78.1736,78.8,78,75,16.11,broken clouds
373,Birao,CF,2021-04-04 02:36:15,10.2849,22.7882,77.45,17,78,9.57,broken clouds
374,Sandpoint,US,2021-04-04 02:33:19,48.2766,-116.5533,55.4,35,1,3.44,clear sky
375,Cabo San Lucas,MX,2021-04-04 02:36:15,22.8909,-109.9124,80.6,32,1,9.78,clear sky
376,Puerto Madryn,AR,2021-04-04 02:36:15,-42.7692,-65.0385,71.31,46,65,18.59,broken clouds
377,Port-Gentil,GA,2021-04-04 02:35:13,-0.7193,8.7815,79.93,81,100,7.0,moderate rain
378,Nelson Bay,AU,2021-04-04 02:36:16,-32.7167,152.15,80.01,61,72,8.05,broken clouds
379,Kinablangan,PH,2021-04-04 02:36:16,7.6947,126.5503,84.49,68,70,8.66,broken clouds
380,Te Anau,NZ,2021-04-04 02:36:17,-45.4167,167.7167,57.79,91,99,8.34,overcast clouds
381,Lompoc,US,2021-04-04 02:36:17,34.6391,-120.4579,55.4,67,5,10.36,clear sky
382,Bairiki,KI,2021-04-04 02:36:17,1.3292,172.9752,87.8,70,20,9.22,few clouds
383,Kahului,US,2021-04-04 02:36:18,20.8947,-156.47,73.4,94,75,16.11,light rain
384,Alta Floresta,BR,2021-04-04 02:36:18,-9.8756,-56.0861,72.79,94,100,1.59,light rain
385,Hamilton,US,2021-04-04 02:36:18,39.1834,-84.5333,51.8,43,1,10.36,clear sky
386,Honiara,SB,2021-04-04 02:36:19,-9.4333,159.95,85.91,75,92,6.15,overcast clouds
387,Ouango,CF,2021-04-04 02:36:19,4.3133,22.5552,69.94,93,99,0.81,overcast clouds
388,Syke,DE,2021-04-04 02:36:19,52.9,8.8333,41.0,75,75,5.75,broken clouds
389,Apache Junction,US,2021-04-04 02:36:20,33.4151,-111.5496,89.6,12,1,4.61,clear sky
390,Ende,ID,2021-04-04 02:36:20,-8.8432,121.6623,75.74,97,100,7.85,overcast clouds
391,Arman,RU,2021-04-04 02:36:20,59.7,150.1667,27.07,52,100,16.17,overcast clouds
392,Jining,CN,2021-04-04 02:36:21,35.405,116.5814,60.04,20,0,8.68,clear sky
393,Springbok,ZA,2021-04-04 02:36:21,-29.6643,17.8865,63.95,42,0,3.78,clear sky
394,Marsa Matruh,EG,2021-04-04 02:36:21,31.3525,27.2453,57.2,47,0,5.75,clear sky
395,Alvaraes,BR,2021-04-04 02:36:22,-3.2208,-64.8042,74.37,97,100,2.75,light rain
396,Artigas,UY,2021-04-04 02:36:22,-30.4,-56.4667,65.48,76,30,8.81,scattered clouds
397,Dickinson,US,2021-04-04 02:36:23,29.4608,-95.0513,63.0,82,75,5.75,broken clouds
398,Alofi,NU,2021-04-04 02:36:23,-19.0595,-169.9187,84.2,70,31,6.91,scattered clouds
399,Vila Velha,BR,2021-04-04 02:36:23,-20.3297,-40.2925,73.4,88,0,5.75,clear sky
400,Poum,NC,2021-04-04 02:36:23,-20.2333,164.0167,81.01,81,97,21.61,overcast clouds
401,Voyvozh,RU,2021-04-04 02:36:24,62.892,54.9635,23.99,96,100,4.16,overcast clouds
402,Matagami,CA,2021-04-04 02:36:24,49.7502,-77.6328,32.0,100,90,2.3,light snow
403,Bhimunipatnam,IN,2021-04-04 02:36:25,17.8833,83.4333,82.94,68,10,3.2,clear sky
404,Savelugu,GH,2021-04-04 02:36:25,9.6244,-0.8253,86.45,22,71,5.68,broken clouds
405,Bathsheba,BB,2021-04-04 02:36:26,13.2167,-59.5167,78.8,61,40,20.71,scattered clouds
406,Port Blair,IN,2021-04-04 02:32:37,11.6667,92.75,83.48,65,44,6.93,scattered clouds
407,Japura,ID,2021-04-04 02:36:26,-0.3167,102.35,80.42,87,100,4.63,overcast clouds
408,Konin,PL,2021-04-04 02:36:27,52.2234,18.2512,30.99,82,13,4.07,few clouds
409,Sun City West,US,2021-04-04 02:36:27,33.662,-112.3413,89.01,16,4,6.53,clear sky
410,Marystown,CA,2021-04-04 02:36:27,47.1666,-55.1483,38.37,95,47,14.65,scattered clouds
411,Nenjiang,CN,2021-04-04 02:36:28,49.1833,125.2167,47.35,30,100,12.86,overcast clouds
412,Makakilo City,US,2021-04-04 02:36:28,21.3469,-158.0858,80.6,50,20,10.36,light rain
413,Ola,RU,2021-04-04 02:36:28,59.5833,151.2833,22.15,60,100,28.32,overcast clouds
414,Srednekolymsk,RU,2021-04-04 02:36:28,67.45,153.6833,12.33,74,12,8.79,few clouds
415,Ponta Delgada,PT,2021-04-04 02:36:29,37.7333,-25.6667,60.8,88,75,19.57,broken clouds
416,Kapoeta,SS,2021-04-04 02:36:29,4.7717,33.5903,77.45,61,95,11.32,light rain
417,Kumi,KR,2021-04-04 02:36:30,36.1136,128.336,51.8,81,90,3.44,overcast clouds
418,Gigmoto,PH,2021-04-04 02:36:30,13.7796,124.39,85.24,60,18,11.48,few clouds
419,Limanowa,PL,2021-04-04 02:36:31,49.7059,20.422,34.0,81,94,3.36,overcast clouds
420,Morondava,MG,2021-04-04 02:36:31,-20.2833,44.2833,74.37,82,0,4.59,clear sky
421,Sola,VU,2021-04-04 02:36:31,-13.8833,167.55,82.96,76,98,15.35,overcast clouds
422,Owensboro,US,2021-04-04 02:36:32,37.7742,-87.1133,51.8,54,1,4.61,clear sky
423,Peniche,PT,2021-04-04 02:36:32,39.3558,-9.3811,57.0,88,1,5.46,clear sky
424,Ruwi,OM,2021-04-04 02:36:33,23.5996,58.5507,77.0,33,0,3.44,clear sky
425,Ranong,TH,2021-04-04 02:36:03,9.9658,98.6348,84.2,84,20,3.44,few clouds
426,Rundu,NA,2021-04-04 02:36:33,-17.9333,19.7667,62.74,64,6,4.59,clear sky
427,Kjustendil,BG,2021-04-04 02:33:14,42.2839,22.6911,37.0,91,100,3.0,overcast clouds
428,Warwick,US,2021-04-04 02:36:33,41.7001,-71.4162,41.0,33,1,5.75,clear sky
429,Lakes Entrance,AU,2021-04-04 02:36:34,-37.8811,147.981,84.0,41,0,7.0,clear sky
430,Kieta,PG,2021-04-04 02:36:34,-6.2167,155.6333,84.88,71,93,3.65,light rain
431,Miri,MY,2021-04-04 02:36:13,4.4148,114.0089,86.0,70,20,6.91,few clouds
432,Nisia Floresta,BR,2021-04-04 02:36:34,-6.0911,-35.2086,75.2,94,75,2.3,broken clouds
433,Melekhovo,RU,2021-04-04 02:36:35,56.2773,41.2935,24.24,97,27,3.94,light snow
434,Mandalgovi,MN,2021-04-04 02:36:35,45.7625,106.2708,41.36,18,0,9.17,clear sky
435,Areia Branca,BR,2021-04-04 02:36:36,-4.9561,-37.1369,78.6,82,61,12.95,broken clouds
436,Bria,CF,2021-04-04 02:36:36,6.5423,21.9863,71.29,74,86,2.93,overcast clouds
437,Richards Bay,ZA,2021-04-04 02:36:36,-28.783,32.0377,64.62,78,11,5.91,few clouds
438,Gatton,AU,2021-04-04 02:36:36,-27.55,152.2833,69.8,94,90,5.75,light rain
439,Grindavik,IS,2021-04-04 02:36:37,63.8424,-22.4338,30.2,80,75,23.02,broken clouds
440,Hasaki,JP,2021-04-04 02:36:37,35.7333,140.8333,75.0,56,75,13.8,broken clouds
441,Udachnyy,RU,2021-04-04 02:31:47,66.4167,112.4,-7.11,88,96,8.34,overcast clouds
442,Odweyne,SO,2021-04-04 02:36:38,9.4092,45.064,68.63,33,75,4.0,broken clouds
443,Kampong Chhnang,KH,2021-04-04 02:36:38,12.1667,104.55,90.84,47,74,12.95,broken clouds
444,San Vicente De Canete,PE,2021-04-04 02:36:38,-13.0751,-76.3835,70.16,85,97,2.06,overcast clouds
445,Naryan-Mar,RU,2021-04-04 02:33:07,67.6713,53.087,12.16,96,95,4.94,overcast clouds
446,Acapulco,MX,2021-04-04 02:32:07,16.8634,-99.8901,80.6,83,20,4.61,few clouds
447,Paracuru,BR,2021-04-04 02:36:39,-3.41,-39.0306,81.0,79,46,10.0,scattered clouds
448,Foam Lake,CA,2021-04-04 02:36:39,51.65,-103.5343,39.2,56,50,2.3,scattered clouds
449,Polewali,ID,2021-04-04 02:34:10,-3.4324,119.3435,88.52,58,15,5.41,few clouds
450,Juneau,US,2021-04-04 02:36:40,58.3019,-134.4197,39.2,65,90,3.44,light snow
451,Alamos,MX,2021-04-04 02:36:40,27.0167,-108.9333,66.0,63,4,1.01,clear sky
452,Zhuanghe,CN,2021-04-04 02:36:41,39.7008,122.9911,53.11,24,0,17.11,clear sky
453,Midland,US,2021-04-04 02:33:25,31.9974,-102.0779,59.0,77,40,17.27,scattered clouds
454,Les Cayes,HT,2021-04-04 02:36:41,18.2,-73.75,73.65,84,11,7.27,few clouds
455,Shimoda,JP,2021-04-04 02:36:41,34.6667,138.95,70.0,73,75,11.5,broken clouds
456,Matamoros,MX,2021-04-04 02:36:19,25.5333,-103.25,84.2,23,20,10.36,few clouds
457,Kabinda,CD,2021-04-04 02:36:42,-6.1333,24.4833,66.43,91,90,1.97,light rain
458,Noumea,NC,2021-04-04 02:36:42,-22.2763,166.4572,82.4,69,90,14.97,overcast clouds
459,Provideniya,RU,2021-04-04 02:36:42,64.3833,-173.3,9.86,80,100,6.73,overcast clouds
460,Leh,IN,2021-04-04 02:36:43,34.1667,77.5833,27.86,34,1,2.01,clear sky
461,Wuwei,CN,2021-04-04 02:36:43,37.9281,102.6414,47.32,43,86,4.54,light rain
462,Los Llanos De Aridane,ES,2021-04-04 02:36:43,28.6585,-17.9182,64.4,68,90,5.75,overcast clouds
463,Inta,RU,2021-04-04 02:36:44,66.0317,60.1659,16.77,94,84,5.73,broken clouds
464,Alappuzha,IN,2021-04-04 02:36:44,9.49,76.3264,82.04,71,32,8.77,scattered clouds
465,Baherden,TM,2021-04-04 02:36:45,38.4362,57.4316,54.73,56,70,12.21,broken clouds
466,Ngerengere,TZ,2021-04-04 02:36:45,-6.75,38.1167,73.4,94,75,3.06,broken clouds
467,Saint George,US,2021-04-04 02:36:45,37.1041,-113.5841,80.6,10,1,6.91,clear sky
468,Almeria,ES,2021-04-04 02:36:46,37.1667,-2.3333,61.0,72,0,4.61,clear sky
469,Clarence Town,AU,2021-04-04 02:35:22,-32.5833,151.7833,80.01,61,83,8.05,broken clouds
470,Ketchikan,US,2021-04-04 02:36:16,55.3422,-131.6461,39.2,70,40,14.97,scattered clouds
471,Porosozero,RU,2021-04-04 02:36:46,62.7191,32.727,26.78,93,65,6.62,broken clouds
472,Mayna,RU,2021-04-04 02:36:46,54.1135,47.6231,31.24,81,100,9.04,overcast clouds
473,Plettenberg Bay,ZA,2021-04-04 02:36:47,-34.0527,23.3716,63.36,58,0,5.59,clear sky
474,Winneba,GH,2021-04-04 02:36:47,5.3511,-0.6231,78.82,90,21,6.35,few clouds
475,Dalvik,IS,2021-04-04 02:36:47,65.9702,-18.5286,23.0,74,90,18.41,light snow
476,Bam,IR,2021-04-04 02:36:48,29.106,58.357,76.35,19,58,3.89,broken clouds
477,Pangkalanbuun,ID,2021-04-04 02:36:48,-2.6833,111.6167,91.99,50,10,3.74,clear sky
478,Road Town,VG,2021-04-04 02:36:48,18.4167,-64.6167,77.0,86,96,7.0,overcast clouds
479,Baruun-Urt,MN,2021-04-04 02:36:49,46.6806,113.2792,45.54,25,0,13.27,clear sky
480,Greymouth,NZ,2021-04-04 02:36:49,-42.4667,171.2,58.64,81,99,8.43,overcast clouds
481,Zhigalovo,RU,2021-04-04 02:36:49,54.8097,105.1578,36.41,86,100,11.01,light snow
482,Saint Anthony,US,2021-04-04 02:36:50,45.0205,-93.218,59.0,26,1,3.04,clear sky
483,Mapiri,BO,2021-04-04 02:36:50,-15.25,-68.1667,66.74,98,91,1.83,light rain
484,Sorong,ID,2021-04-04 02:36:51,-0.8833,131.25,84.72,71,100,4.56,overcast clouds
485,Ivaipora,BR,2021-04-04 02:36:51,-24.2478,-51.6847,61.3,82,22,5.91,few clouds
486,Santiago,CL,2021-04-04 02:36:51,-33.4569,-70.6483,66.99,55,0,9.22,clear sky
487,Cap Malheureux,MU,2021-04-04 02:36:52,-19.9842,57.6142,80.01,80,13,4.0,light rain
488,Bochum,DE,2021-04-04 02:36:52,51.4833,7.2167,39.99,77,35,1.01,scattered clouds
489,Tomatlan,MX,2021-04-04 02:36:53,19.9333,-105.25,69.57,78,39,1.34,scattered clouds
490,Evanston,US,2021-04-04 02:32:19,42.0411,-87.6901,57.99,44,1,6.35,clear sky
491,Kidodi,TZ,2021-04-04 02:36:53,-7.6036,37.0044,70.61,97,99,1.45,overcast clouds
492,Vestmanna,FO,2021-04-04 02:36:54,62.1564,-7.1664,44.6,87,75,28.77,broken clouds
493,Suluq,LY,2021-04-04 02:36:54,31.6682,20.2521,65.57,26,3,11.72,clear sky
494,Coquimbo,CL,2021-04-04 02:36:54,-29.9533,-71.3436,59.0,88,90,3.44,overcast clouds
495,Roma,US,2021-04-04 02:33:35,43.2128,-75.4557,34.0,64,20,2.98,few clouds
496,Myitkyina,MM,2021-04-04 02:36:55,25.3833,97.4,87.62,18,34,0.49,scattered clouds
497,Maamba,ZM,2021-04-04 02:36:55,-17.3667,27.15,64.42,75,15,1.34,few clouds
498,Nome,US,2021-04-04 02:36:55,64.5011,-165.4064,24.01,86,90,6.91,light snow
499,Savannakhet,LA,2021-04-04 02:36:56,16.566,104.751,84.2,58,40,4.61,light rain
500,Pozoblanco,ES,2021-04-04 02:36:56,38.3791,-4.8483,50.0,93,0,1.57,clear sky
501,Kodinar,IN,2021-04-04 02:36:56,20.7903,70.7031,81.14,63,9,6.06,clear sky
502,Pontianak,ID,2021-04-04 02:36:57,-0.0333,109.3333,86.0,70,20,4.61,few clouds
503,Le Moule,GP,2021-04-04 02:36:42,16.3332,-61.3473,71.6,88,0,3.44,clear sky
504,Hobyo,SO,2021-04-04 02:36:57,5.3505,48.5268,81.82,72,87,7.54,overcast clouds
505,Krasnovishersk,RU,2021-04-04 02:36:57,60.4078,57.082,32.95,98,100,6.85,light snow
506,Wamba,NG,2021-04-04 02:36:58,8.9333,8.6,77.65,16,91,2.66,overcast clouds
507,Mulege,MX,2021-04-04 02:36:58,26.8833,-111.9833,71.11,30,0,1.45,clear sky
508,Vikhorevka,RU,2021-04-04 02:36:59,56.1201,101.1636,32.0,93,75,6.71,light snow
509,Lancaster,US,2021-04-04 02:36:59,40.2504,-76.2499,44.6,36,20,3.04,few clouds
510,Otaru,JP,2021-04-04 02:36:59,43.1894,141.0022,48.0,66,75,8.05,light rain
511,Eureka,US,2021-04-04 02:35:21,40.8021,-124.1637,51.01,78,100,1.01,overcast clouds
512,Luau,AO,2021-04-04 02:37:00,-10.7073,22.2247,64.63,83,96,3.22,overcast clouds
513,Chateauroux,FR,2021-04-04 02:37:00,46.8167,1.7,35.6,87,0,9.22,clear sky
514,San Quintin,MX,2021-04-04 02:37:00,30.4833,-115.95,60.04,80,20,14.32,few clouds
515,Samoded,RU,2021-04-04 02:37:01,63.6083,40.5111,24.6,97,78,4.09,light snow
516,Grand-Santi,GF,2021-04-04 02:37:01,4.25,-54.3833,73.11,99,100,2.84,moderate rain
517,Wewak,PG,2021-04-04 02:37:01,-3.5534,143.6268,78.98,86,100,4.32,overcast clouds
518,Emerald,AU,2021-04-04 02:37:02,-23.5333,148.1667,80.6,61,90,13.8,overcast clouds
519,Whitianga,NZ,2021-04-04 02:35:00,-36.8333,175.7,70.16,55,0,9.35,clear sky
520,Bakel,SN,2021-04-04 02:37:02,14.905,-12.4568,86.32,15,2,5.59,clear sky
521,Calbuco,CL,2021-04-04 02:37:02,-41.768,-73.1273,44.6,93,0,2.62,clear sky
522,Glencoe,ZA,2021-04-04 02:37:03,-28.1783,30.147,54.82,87,95,0.67,overcast clouds
523,Voi,KE,2021-04-04 02:37:03,-3.3945,38.563,72.41,87,45,5.03,scattered clouds
524,Ixtapa,MX,2021-04-04 02:33:31,20.7,-105.2,77.0,78,20,5.75,few clouds
525,San Cristobal,VE,2021-04-04 02:37:04,7.7669,-72.225,78.8,100,75,5.75,drizzle
526,Zlutice,CZ,2021-04-04 02:37:04,50.0919,13.163,30.99,86,0,1.14,clear sky
527,Balsas,BR,2021-04-04 02:35:29,-7.5325,-46.0356,74.03,89,64,0.36,broken clouds
528,San Fernando,PH,2021-04-04 02:37:04,15.0286,120.6898,89.6,48,75,9.22,broken clouds
529,Coihaique,CL,2021-04-04 02:37:05,-45.5752,-72.0662,51.15,88,100,3.53,overcast clouds
530,Kalaiya,NP,2021-04-04 02:37:05,27.0327,85.0022,84.36,5,0,11.5,clear sky
531,Mokrous,RU,2021-04-04 02:37:05,51.2333,47.5167,36.37,95,100,11.59,overcast clouds
532,Ashland,US,2021-04-04 02:35:43,40.8167,-82.2665,53.6,35,1,13.8,clear sky
533,Nara,JP,2021-04-04 02:37:06,34.6851,135.8049,69.8,60,75,9.22,broken clouds
534,Chalus,IR,2021-04-04 02:37:06,36.655,51.4204,48.2,93,0,2.3,clear sky
535,Lakatoro,VU,2021-04-04 02:37:07,-16.0999,167.4164,85.1,72,93,10.58,overcast clouds
536,Cockburn Town,TC,2021-04-04 02:36:08,21.4612,-71.1419,76.33,74,68,27.94,broken clouds
537,Sulangan,PH,2021-04-04 02:36:13,11.1373,123.7228,82.45,69,68,12.84,broken clouds
538,Boa Vista,BR,2021-04-04 02:37:07,2.8197,-60.6733,84.2,65,75,9.22,broken clouds
539,Beloha,MG,2021-04-04 02:37:07,-25.1667,45.05,70.27,87,65,3.69,broken clouds
540,Araouane,ML,2021-04-04 02:37:08,18.9048,-3.5265,78.57,6,1,7.56,clear sky
541,Kilindoni,TZ,2021-04-04 02:37:08,-7.9139,39.6668,80.38,81,99,13.29,moderate rain
542,Deputatskiy,RU,2021-04-04 02:37:08,69.3,139.9,-0.31,92,100,4.41,overcast clouds
543,Melo,UY,2021-04-04 02:37:09,-32.3667,-54.1833,60.8,96,6,7.47,clear sky
544,Saint-Louis,SN,2021-04-04 02:36:19,16.3333,-15.0,81.34,12,3,7.78,clear sky
545,Castanos,MX,2021-04-04 02:37:09,26.7833,-101.4167,70.0,57,12,5.99,few clouds
546,Kerikeri,NZ,2021-04-04 02:37:10,-35.2268,173.9474,72.45,56,8,7.47,clear sky
547,Botoroaga,RO,2021-04-04 02:37:10,44.1483,25.5447,46.99,94,100,9.26,overcast clouds
548,Kimbe,PG,2021-04-04 02:37:10,-5.5502,150.1429,85.62,70,77,5.21,light rain
549,Ust-Kuyga,RU,2021-04-04 02:37:10,70.0167,135.6,-6.99,89,100,6.2,overcast clouds
550,Deqing,CN,2021-04-04 02:37:11,30.5448,119.9599,57.0,75,91,7.0,overcast clouds
551,San Juan,AR,2021-04-04 02:37:11,-31.5375,-68.5364,73.98,50,21,8.23,few clouds
552,Rafsanjan,IR,2021-04-04 02:37:11,30.4067,55.9939,63.09,26,69,15.32,broken clouds
553,Synya,RU,2021-04-04 02:37:12,65.3718,58.0387,19.42,97,100,2.95,overcast clouds
554,Linjiang,CN,2021-04-04 02:37:13,41.8069,126.9078,46.58,24,1,4.88,clear sky
555,Abu Zabad,SD,2021-04-04 02:37:13,12.35,29.25,73.38,11,10,13.96,clear sky
556,Ampanihy,MG,2021-04-04 02:37:13,-24.7,44.75,70.7,85,91,2.46,overcast clouds
557,Gobabis,NA,2021-04-04 02:37:13,-22.45,18.9667,66.56,46,0,4.29,clear sky
558,Darlowo,PL,2021-04-04 02:37:14,54.421,16.4107,30.99,96,13,13.49,few clouds
559,Vila Franca Do Campo,PT,2021-04-04 02:37:14,37.7167,-25.4333,60.8,88,75,19.57,broken clouds
560,Wolow,PL,2021-04-04 02:37:14,51.3366,16.6443,32.0,100,0,6.91,clear sky
561,Rocha,UY,2021-04-04 02:37:15,-34.4833,-54.3333,59.76,94,0,4.07,clear sky
562,Ambilobe,MG,2021-04-04 02:37:15,-13.2,49.05,71.35,93,11,3.27,few clouds
563,Borogontsy,RU,2021-04-04 02:37:16,62.6683,131.1683,4.53,77,100,3.65,overcast clouds
564,Vangaindrano,MG,2021-04-04 02:37:16,-23.35,47.6,70.45,90,59,4.5,broken clouds
565,Vilhena,BR,2021-04-04 02:35:43,-12.7406,-60.1458,69.08,96,100,2.33,moderate rain
566,Laguna,US,2021-04-04 02:37:16,38.421,-121.4238,59.0,55,1,11.5,clear sky
567,Zastron,ZA,2021-04-04 02:37:17,-30.3023,27.084,50.65,51,1,1.54,clear sky
568,Lixourion,GR,2021-04-04 02:37:17,38.2019,20.4314,58.17,85,70,19.37,broken clouds
569,Houma,US,2021-04-04 02:32:47,29.5958,-90.7195,59.0,82,1,5.75,clear sky
570,Molodizhne,UA,2021-04-04 02:37:17,48.1773,32.6601,41.0,65,90,4.47,overcast clouds
571,Leshukonskoye,RU,2021-04-04 02:37:18,64.8989,45.7622,20.86,97,67,2.66,broken clouds
572,Mwinilunga,ZM,2021-04-04 02:37:18,-11.7358,24.4293,60.67,95,92,4.29,overcast clouds
573,Neryungri,RU,2021-04-04 02:37:18,56.6709,124.6491,22.24,78,91,2.53,overcast clouds
574,Morozovsk,RU,2021-04-04 02:36:17,48.3539,41.8261,41.36,80,100,10.51,overcast clouds
575,Iralaya,HN,2021-04-04 02:37:19,15.0,-83.2333,76.86,82,11,13.62,few clouds
576,Goderich,CA,2021-04-04 02:37:20,43.7501,-81.7165,44.6,49,4,5.75,clear sky
577,Norfolk,US,2021-04-04 02:37:20,42.1668,-71.2495,39.2,60,1,4.38,clear sky
578,Tiznit,MA,2021-04-04 02:37:21,29.5833,-9.5,53.73,84,50,4.25,scattered clouds
579,Abilene,US,2021-04-04 02:34:17,32.4487,-99.7331,59.0,77,90,10.36,overcast clouds
580,Ouahigouya,BF,2021-04-04 02:37:21,13.5828,-2.4216,76.84,9,2,9.53,clear sky
581,Lomza,PL,2021-04-04 02:37:21,53.1781,22.0593,33.01,86,27,1.99,scattered clouds
582,Arlit,NE,2021-04-04 02:37:22,18.7369,7.3853,71.47,11,0,9.42,clear sky
583,Tamworth,GB,2021-04-04 02:37:22,52.634,-1.6959,35.01,87,72,3.47,broken clouds
584,Nagyrabe,HU,2021-04-04 02:37:22,47.2,21.3333,41.0,70,90,12.66,light rain
585,Scicli,IT,2021-04-04 02:37:23,36.7902,14.7014,48.2,93,100,4.61,overcast clouds
586,Russellville,US,2021-04-04 02:37:23,35.2784,-93.1338,57.2,47,20,3.44,few clouds
587,Delta,NG,2021-04-04 02:37:23,5.5,6.0,77.67,91,90,2.86,overcast clouds
588,Kawhia,NZ,2021-04-04 02:37:24,-38.0651,174.8183,73.99,57,29,11.99,scattered clouds
589,Bandar-E Lengeh,IR,2021-04-04 02:37:24,26.5579,54.8807,73.4,94,0,4.61,mist
590,Yenagoa,NG,2021-04-04 02:37:25,4.9247,6.2642,77.43,92,83,3.53,broken clouds
591,Hastings,GB,2021-04-04 02:37:25,50.8552,0.5729,42.01,78,97,5.01,overcast clouds
592,Chapleau,CA,2021-04-04 02:32:31,47.8405,-83.4034,42.8,45,1,4.61,clear sky
593,Saint-Georges,GD,2021-04-04 02:37:25,12.0564,-61.7485,78.8,78,20,20.71,few clouds
594,Xining,CN,2021-04-04 02:37:26,36.6167,101.7667,37.71,68,96,1.5,moderate rain
595,Glendive,US,2021-04-04 02:37:26,47.1053,-104.7125,57.99,22,1,10.36,clear sky
596,Buraydah,SA,2021-04-04 02:37:27,26.326,43.975,57.2,38,0,9.22,clear sky
597,Vanimo,PG,2021-04-04 02:37:27,-2.6741,141.3028,83.3,76,89,6.13,overcast clouds
598,Innisfail,AU,2021-04-04 02:37:28,-17.5333,146.0333,74.12,94,100,4.07,overcast clouds
599,Belmonte,BR,2021-04-04 02:37:28,-15.8631,-38.8828,75.2,94,40,3.44,scattered clouds
600,Samarai,PG,2021-04-04 02:37:28,-10.6167,150.6667,84.61,73,100,13.6,moderate rain
601,Lusambo,CD,2021-04-04 02:37:29,-4.9667,23.45,69.44,98,100,1.34,light rain
602,Rakkestad,NO,2021-04-04 02:37:29,59.4251,11.3454,36.0,94,19,1.01,few clouds
603,Paciran,ID,2021-04-04 02:37:29,-6.8767,112.3761,86.4,67,94,8.37,overcast clouds
604,Waipawa,NZ,2021-04-04 02:37:30,-41.4122,175.5153,64.4,68,40,28.77,scattered clouds
605,Mathbaria,BD,2021-04-04 02:37:30,22.2876,89.9593,89.94,47,0,7.0,clear sky
606,Minas,UY,2021-04-04 02:36:26,-34.3759,-55.2377,64.4,94,0,4.61,clear sky
607,Lasa,IT,2021-04-04 02:37:31,46.6166,10.7002,35.01,74,0,10.36,clear sky
608,Ocos,GT,2021-04-04 02:37:31,14.5094,-92.1933,82.4,78,40,5.75,scattered clouds
609,Londoko,RU,2021-04-04 02:37:31,49.0333,131.9833,44.08,32,17,9.84,few clouds
610,Ambovombe,MG,2021-04-04 02:37:32,-25.1667,46.0833,71.26,83,38,4.54,scattered clouds
611,Tianpeng,CN,2021-04-04 02:37:32,30.9866,103.9393,59.0,82,40,2.62,scattered clouds
612,Byron Bay,AU,2021-04-04 02:36:27,-28.65,153.6167,72.0,83,75,10.36,light rain
613,Enid,US,2021-04-04 02:32:52,36.3956,-97.8784,63.0,67,1,10.36,clear sky
614,Kurchum,KZ,2021-04-04 02:37:33,48.5722,83.6542,36.07,45,0,3.2,clear sky
615,Rawson,AR,2021-04-04 02:37:33,-43.3002,-65.1023,68.4,53,48,6.26,scattered clouds
616,Rio Grande,BR,2021-04-04 02:37:33,-32.035,-52.0986,69.01,92,0,11.7,clear sky
617,Shieli,KZ,2021-04-04 02:37:33,44.1667,66.75,53.55,40,69,8.55,moderate rain
618,Phuket,TH,2021-04-04 02:37:34,8.0,98.25,86.0,74,40,10.36,scattered clouds
619,Yaransk,RU,2021-04-04 02:37:34,57.3033,47.8861,28.83,94,100,7.16,overcast clouds
620,Mahajanga,MG,2021-04-04 02:37:34,-15.7167,46.3167,75.2,100,20,2.3,few clouds
621,Grand Gaube,MU,2021-04-04 02:35:59,-20.0064,57.6608,80.01,80,14,4.0,light rain
622,Berdigestyakh,RU,2021-04-04 02:37:35,62.0989,126.6992,5.41,79,84,3.24,broken clouds
623,Naze,JP,2021-04-04 02:37:35,28.3667,129.4833,75.2,83,75,8.05,broken clouds
624,Kholodnyy,RU,2021-04-04 02:37:36,62.7167,147.95,12.15,66,100,5.01,overcast clouds
625,Dzan,MX,2021-04-04 02:37:36,20.3833,-89.4667,73.99,75,1,7.81,clear sky
626,Paoua,CF,2021-04-04 02:37:12,7.2427,16.4406,73.51,52,90,4.56,overcast clouds
627,Gidole,ET,2021-04-04 02:37:36,5.65,37.3667,56.86,78,76,1.88,light rain
628,Sakaraha,MG,2021-04-04 02:34:24,-22.9,44.5333,66.54,93,3,0.58,clear sky
629,Davidson,US,2021-04-04 02:37:37,36.1501,-86.7833,53.6,37,1,4.34,clear sky
630,Ust-Nera,RU,2021-04-04 02:37:37,64.5667,143.2,14.07,81,100,6.11,overcast clouds
631,Axim,GH,2021-04-04 02:37:37,4.8699,-2.2405,78.87,89,15,5.01,few clouds
632,Nelidovo,RU,2021-04-04 02:37:38,56.2211,32.7774,28.22,93,89,2.89,overcast clouds
633,Mvomero,TZ,2021-04-04 02:37:38,-6.25,38.6667,78.8,89,40,11.5,scattered clouds
634,Omboue,GA,2021-04-04 02:37:38,-1.5746,9.2618,76.01,93,100,8.52,light rain
635,Manaure,CO,2021-04-04 02:37:39,11.7751,-72.4445,79.61,74,100,16.11,overcast clouds
636,Kirensk,RU,2021-04-04 02:37:39,57.7853,108.1119,33.96,86,100,9.57,light snow
637,Aykhal,RU,2021-04-04 02:37:39,66.0,111.5,-8.0,91,100,9.08,overcast clouds
638,Ternovskaya,RU,2021-04-04 02:37:40,45.8542,40.4086,43.66,86,100,7.9,overcast clouds
639,Salalah,OM,2021-04-04 02:37:40,17.0151,54.0924,73.4,78,0,2.3,clear sky
640,Urusha,RU,2021-04-04 02:37:40,54.05,122.9,35.67,53,5,3.0,clear sky
641,Tabou,CI,2021-04-04 02:37:41,4.423,-7.3528,78.39,90,55,6.31,broken clouds
642,Lukovetskiy,RU,2021-04-04 02:37:41,64.2956,41.9211,26.6,86,40,4.47,scattered clouds
643,Lugovoy,KZ,2021-04-04 02:37:42,42.9472,72.7644,47.97,45,95,6.31,overcast clouds
644,Fortuna,US,2021-04-04 02:37:42,40.5982,-124.1573,52.0,81,90,6.91,overcast clouds
645,Waddan,LY,2021-04-04 02:37:42,29.1614,16.139,67.89,17,3,8.01,clear sky
646,Kindu,CD,2021-04-04 02:37:42,-2.95,25.95,70.03,99,100,3.15,moderate rain
647,Suzhou,CN,2021-04-04 02:37:43,31.3114,120.6181,59.0,60,46,1.99,scattered clouds
648,Agadir,MA,2021-04-04 02:37:43,30.4202,-9.5982,57.2,88,20,4.61,few clouds
649,Haizhou,CN,2021-04-04 02:37:43,34.5817,119.1289,56.08,29,0,16.06,clear sky
650,Jibuti,DJ,2021-04-04 02:36:07,11.5,42.5,80.6,78,1,5.75,clear sky
651,Mountain Home,US,2021-04-04 02:36:40,43.133,-115.6912,69.8,11,20,6.91,few clouds
652,Vao,NC,2021-04-04 02:37:44,-22.6667,167.4833,76.12,69,62,24.61,broken clouds
653,Chandler,US,2021-04-04 02:37:44,33.3062,-111.8412,89.01,12,1,4.61,clear sky
654,Madimba,TZ,2021-04-04 02:37:45,-10.4,40.3333,75.2,94,40,11.5,moderate rain
655,Alpena,US,2021-04-04 02:37:45,45.0617,-83.4327,36.0,64,1,5.59,clear sky
656,Mugur-Aksy,RU,2021-04-04 02:37:45,50.35,90.5,25.92,38,0,2.46,clear sky
657,Tromso,NO,2021-04-04 02:33:50,69.6496,18.957,30.2,93,90,5.75,light snow
658,Mahibadhoo,MV,2021-04-04 02:37:46,3.7833,72.9667,82.78,74,15,10.92,few clouds
659,Honolulu,US,2021-04-04 02:33:37,21.3069,-157.8583,78.8,50,20,18.41,light rain
660,Palmer,US,2021-04-04 02:35:02,42.1584,-72.3287,32.0,55,20,1.5,few clouds
661,Rantauprapat,ID,2021-04-04 02:37:47,2.1,99.8333,76.32,91,100,0.98,overcast clouds
662,Elko,US,2021-04-04 02:37:47,41.0002,-115.5012,63.0,11,51,8.99,broken clouds
663,Hofn,IS,2021-04-04 02:37:47,64.2539,-15.2082,28.22,64,5,26.51,clear sky
664,Victor Harbor,AU,2021-04-04 02:37:47,-35.5667,138.6167,70.0,77,0,3.0,clear sky
665,Namtsy,RU,2021-04-04 02:33:15,62.7161,129.6658,1.4,60,0,6.71,clear sky
666,Dauphin,CA,2021-04-04 02:37:48,51.1494,-100.0502,39.2,70,1,6.91,clear sky
667,Along,IN,2021-04-04 02:37:48,28.1667,94.7667,77.09,41,76,1.83,broken clouds
668,Lisakovsk,KZ,2021-04-04 02:37:49,52.5369,62.4936,30.24,87,11,9.33,few clouds
669,Bud,US,2021-04-04 02:37:49,39.447,-86.1758,55.4,38,1,6.91,clear sky
670,Kribi,CM,2021-04-04 02:34:35,2.95,9.9167,80.11,85,95,4.85,light rain
671,Mullingar,IE,2021-04-04 02:37:49,53.5333,-7.35,36.0,88,8,3.8,clear sky
672,Christchurch,NZ,2021-04-04 02:35:20,-43.5333,172.6333,82.99,24,4,23.02,clear sky
673,Abingdon,GB,2021-04-04 02:37:50,51.6711,-1.2828,30.99,93,32,1.14,scattered clouds
674,Mae Ramat,TH,2021-04-04 02:37:50,16.984,98.5166,77.0,88,75,1.14,broken clouds
675,Kloulklubed,PW,2021-04-04 02:37:50,7.0419,134.2556,86.0,74,75,9.22,broken clouds
676,Zherdevka,RU,2021-04-04 02:33:13,51.8486,41.4606,30.88,85,59,4.81,broken clouds
677,Shingu,JP,2021-04-04 02:37:51,33.7333,135.9833,68.0,77,75,12.66,broken clouds
678,Rafaela,AR,2021-04-04 02:37:51,-31.2503,-61.4867,66.99,73,44,5.84,scattered clouds
679,Moyo,UG,2021-04-04 02:37:51,3.6609,31.7247,68.74,78,100,3.27,overcast clouds
680,Neiafu,TO,2021-04-04 02:37:52,-18.65,-173.9833,84.2,74,40,4.61,scattered clouds
681,Kayes,ML,2021-04-04 02:37:52,14.0,-11.0,86.14,10,38,3.51,scattered clouds
682,Paamiut,GL,2021-04-04 02:37:52,61.994,-49.6678,33.53,98,100,5.12,moderate rain
683,Harnai,PK,2021-04-04 02:37:53,30.1005,67.9374,77.31,12,22,3.31,few clouds
684,Portland,US,2021-04-04 02:33:24,45.5234,-122.6762,63.0,42,75,11.5,broken clouds
685,Lokachi,UA,2021-04-04 02:37:53,50.737,24.6494,34.0,88,17,4.0,few clouds
686,Kalemie,CD,2021-04-04 02:37:54,-5.9475,29.1947,70.93,85,97,0.89,overcast clouds
687,Petropavlovsk-Kamchatskiy,RU,2021-04-04 02:37:54,53.0452,158.6483,35.6,93,90,15.66,light snow
688,Camapua,BR,2021-04-04 02:37:54,-19.5314,-54.0439,75.15,51,87,5.17,overcast clouds
689,Tymovskoye,RU,2021-04-04 02:33:13,50.8456,142.655,30.49,70,99,15.68,overcast clouds
690,Waingapu,ID,2021-04-04 02:37:55,-9.6567,120.2641,75.42,89,100,10.02,moderate rain
691,Forest,US,2021-04-04 02:37:55,37.3638,-79.2897,46.4,34,1,4.61,clear sky
692,Manoel Urbano,BR,2021-04-04 02:37:56,-8.8389,-69.2597,73.17,99,100,1.79,overcast clouds
693,Vilyuysk,RU,2021-04-04 02:37:56,63.7553,121.6247,2.71,82,100,3.58,overcast clouds
694,Dzhalil,RU,2021-04-04 02:37:56,55.0239,52.7358,31.53,98,100,7.67,overcast clouds
695,Aracati,BR,2021-04-04 02:37:56,-4.5617,-37.7697,77.02,89,73,7.45,broken clouds
696,Natitingou,BJ,2021-04-04 02:37:57,10.3042,1.3796,75.87,15,43,2.24,scattered clouds
697,Abu Kamal,SY,2021-04-04 02:37:57,34.4506,40.9171,54.97,66,2,5.57,clear sky
698,Cururupu,BR,2021-04-04 02:37:57,-1.8283,-44.8683,74.61,94,63,3.22,broken clouds
699,Manbij,SY,2021-04-04 02:37:58,36.5281,37.9549,42.8,93,0,9.53,clear sky
700,Altusried,DE,2021-04-04 02:37:58,47.8,10.2167,30.0,93,7,4.5,clear sky
701,Tanabe,JP,2021-04-04 02:37:58,33.7333,135.3667,68.0,77,75,12.66,broken clouds
702,Bucak,TR,2021-04-04 02:37:59,37.4592,30.595,60.01,81,75,5.75,broken clouds
703,Syava,RU,2021-04-04 02:37:59,58.0146,46.3222,21.9,97,35,3.96,scattered clouds
704,Svetlyy,RU,2021-04-04 02:37:59,54.675,20.1347,35.01,93,20,8.95,few clouds
705,Gamba,GA,2021-04-04 02:38:00,-2.65,10.0,73.69,93,100,6.31,light rain
706,Central Point,US,2021-04-04 02:38:00,42.376,-122.9164,71.6,24,1,8.05,clear sky
707,Salina Cruz,MX,2021-04-04 02:38:00,16.1667,-95.2,75.76,59,0,30.6,clear sky
708,Panitian,PH,2021-04-04 02:38:01,9.0965,118.0864,86.14,66,87,7.05,overcast clouds
709,High Level,CA,2021-04-04 02:38:01,58.5169,-117.136,37.4,52,20,2.3,few clouds
710,Pangody,RU,2021-04-04 02:38:01,65.85,74.4859,29.46,95,100,7.87,overcast clouds
711,Wallaceburg,CA,2021-04-04 02:38:02,42.593,-82.3885,55.4,37,1,6.85,clear sky
712,Moerai,PF,2021-04-04 02:38:02,-22.4333,-151.3333,79.66,66,11,14.07,few clouds
713,Matara,LK,2021-04-04 02:38:03,5.9485,80.5353,83.07,69,16,9.26,few clouds
714,Paita,PE,2021-04-04 02:38:03,-5.0892,-81.1144,72.52,78,86,4.85,overcast clouds
715,Hoover,US,2021-04-04 02:38:03,33.4054,-86.8114,53.6,40,1,1.99,clear sky
